dhid,east,north,el,totald,refer
EX_1013,523159.970,4406459.731,1252.660,500.000,hei
EX_1014,523416.041,4406200.898,1279.790,500.000,hei
EX_1015,523659.203,4405977.796,1292.360,500.000,hei
EX_1016,523897.744,4405724.354,1264.130,500.000,hei
EX_1017,524053.125,4405586.243,1252.390,500.000,hei
EX_1018,522985.798,4406407.960,1240.080,500.000,hei
EX_1019,523178.159,4406208.029,1271.760,500.000,hei
EX_1020,523426.901,4405971.277,1299.470,500.000,hei
EX_1021,523667.833,4405724.094,1280.050,500.000,hei
EX_1022,523792.323,4405596.143,1256.890,500.000,hei
EX_1025,523459.881,4405712.585,1289.730,500.000,hei
EX_1026,523744.503,4405433.722,1275.990,500.000,hei
EX_1030,523446.030,4405480.773,1268.010,500.000,hei
EX_1033,523250.249,4405425.193,1259.340,500.000,hei
EX_1036,523011.737,4405413.073,1275.270,500.000,hei
EX_1041,523018.187,4405157.511,1247.560,500.000,hei
EX_1044,522584.183,4405101.051,1255.060,500.000,hei
EX_1045,522806.045,4404888.939,1235.660,500.000,hei
EX_1048,522573.233,4404865.869,1252.340,500.000,hei
EX_1083,521428.283,4403814.713,1253.620,500.000,hei
EX_1086,521040.760,4403936.354,1259.150,500.000,hei
EX_1087,521281.031,4403706.402,1240.140,500.000,hei
EX_1088,520567.807,4404155.596,1262.900,500.000,hei
EX_1089,520988.879,4403717.502,1235.880,500.000,hei
EX_1090,521107.750,4403631.042,1226.760,500.000,hei
EX_1091,521237.271,4403499.181,1257.190,500.000,hei
EX_1093,520594.406,4403890.114,1262.330,500.000,hei
EX_1094,520824.968,4403662.762,1270.390,500.000,hei
EX_1095,521062.689,4403425.850,1224.850,500.000,hei
EX_1096,521213.070,4403280.379,1240.210,500.000,hei
EX_1097,520315.834,4403910.065,1248.730,500.000,hei
EX_1098,520622.126,4403605.472,1251.170,500.000,hei
EX_1099,520751.107,4403472.771,1245.980,500.000,hei
EX_1100,520898.108,4403324.720,1218.990,500.000,hei
EX_1101,521036.849,4403201.929,1212.970,500.000,hei
EX_1102,520159.533,4403825.854,1214.910,500.000,hei
EX_1103,520264.834,4403725.273,1229.070,500.000,hei
EX_1104,520640.966,4403357.150,1229.780,500.000,hei
EX_1105,520806.547,4403195.729,1208.540,500.000,hei
EX_1106,521081.349,4402926.986,1260.170,500.000,hei
EX_111,526031.017,4402620.268,1186.870,500.000,hei
EX_1112,522955.218,4406657.252,1228.930,500.000,hei
EX_1113,522888.038,4406612.082,1238.130,500.000,hei
EX_1114,522865.037,4406508.791,1236.950,500.000,hei
EX_1125,521983.190,4405934.648,1239.860,500.000,hei
EX_113,521565.652,4402349.831,1219.410,500.000,hei
EX_114,523408.365,4401499.923,1201.970,500.000,hei
EX_1145,520300.605,4404431.979,1226.560,500.000,hei
EX_1146,520373.695,4404357.698,1259.300,500.000,hei
EX_1148,520317.895,4404227.947,1261.320,500.000,hei
EX_1149,520151.943,4404215.507,1253.190,500.000,hei
EX_115,525241.689,4400796.735,1190.960,500.000,hei
EX_1150,520089.653,4404135.587,1242.320,500.000,hei
EX_1151,520058.453,4404079.666,1226.460,500.000,hei
EX_1152,520051.112,4403946.315,1204.980,500.000,hei
EX_1155,523813.362,4404624.956,1237.340,500.000,hei
EX_1156,524436.727,4404337.353,1218.150,500.000,hei
EX_1157,523297.336,4403109.845,1218.320,500.000,hei
EX_1158,523092.175,4402882.584,1240.970,500.000,hei
EX_1159,521970.936,4402802.904,1237.640,500.000,hei
EX_1160,524748.617,4402714.730,1203.140,500.000,hei
EX_1161,526110.747,4401979.533,1190.670,500.000,hei
EX_1163,528083.172,4402048.761,1172.520,500.000,hei
EX_1164,527178.553,4400681.262,1175.660,500.000,hei
EX_1165,527210.443,4400133.678,1203.680,500.000,hei
EX_1166,526961.471,4400427.580,1201.060,500.000,hei
EX_1167,527442.575,4400423.950,1149.380,500.000,hei
EX_1168,522585.087,4399986.872,1183.330,500.000,hei
EX_1169,524020.943,4404307.863,1262.450,500.000,hei
EX_1171,519497.707,4403460.042,1220.230,500.000,hei
EX_1172,522409.279,4402773.824,1286.050,500.000,hei
EX_1173,522438.319,4402407.231,1262.530,500.000,hei
EX_1174,523829.170,4402540.610,1219.950,500.000,hei
EX_1175,524365.493,4402084.106,1220.180,500.000,hei
EX_1176,523736.870,4403404.847,1185.970,500.000,hei
EX_1177,523335.896,4402706.502,1202.220,500.000,hei
EX_1178,523897.069,4401543.012,1227.300,500.000,hei
EX_1179,524338.232,4401107.229,1192.010,500.000,hei
EX_1180,527130.224,4401305.817,1212.280,500.000,hei
EX_1184,520005.931,4403479.222,1264.330,500.000,hei
EX_120,523271.987,4403797.780,1223.660,500.000,hei
EX_121,525112.100,4403011.362,1104.300,500.000,hei
EX_129,530212.266,4392174.754,1147.180,500.000,ha
EX_130,528938.286,4392129.425,1173.660,500.000,ha
EX_131,528058.239,4392026.295,1152.550,500.000,ha
EX_132,527119.432,4391946.976,1134.850,500.000,ha
EX_133,526172.204,4391833.876,1152.290,500.000,ha
EX_134,525238.237,4391813.177,1153.280,500.000,ha
EX_135,524262.430,4391727.558,1261.370,500.000,ha
EX_137,528958.068,4393004.042,1129.020,500.000,ha
EX_138,527979.440,4392975.593,1139.360,500.000,ha
EX_139,527065.043,4392939.733,1176.780,500.000,ha
EX_14,524973.991,4404307.152,1253.440,500.000,hei
EX_140,525161.098,4392791.725,1178.100,500.000,ha
EX_141,524270.191,4392760.206,1226.020,500.000,ha
EX_142,522266.565,4392535.166,1185.330,500.000,ha
EX_143,520089.658,4392291.667,1282.750,500.000,ha
EX_164,528879.049,4395045.527,1176.980,500.000,ha
EX_165,526803.983,4394882.688,1132.840,500.000,ha
EX_166,524916.919,4394794.350,1086.140,500.000,ha
EX_167,523926.071,4394622.650,1152.160,500.000,ha
EX_168,522161.167,4394550.902,1214.970,500.000,ha
EX_17,519362.517,4403867.456,1206.170,500.000,hei
EX_176,529673.657,4396084.374,1143.170,500.000,ha
EX_177,528759.180,4396064.955,1168.720,500.000,ha
EX_178,527749.182,4395961.435,1194.690,500.000,ha
EX_180,526792.234,4395868.796,1140.430,500.000,ha
EX_181,525859.487,4395800.487,1114.440,500.000,ha
EX_182,524942.070,4395746.417,1132.660,500.000,ha
EX_183,524005.003,4395694.058,1210.700,500.000,ha
EX_184,529193.954,4396946.791,1131.580,500.000,ha
EX_185,528590.650,4397047.783,1134.270,500.000,ha
EX_186,527717.843,4396935.763,1157.890,500.000,ha
EX_187,526746.695,4396878.694,1029.650,500.000,ha
EX_188,524833.570,4396701.925,1200.660,500.000,ha
EX_189,523826.232,4396612.135,1218.760,500.000,ha
EX_190,526656.106,4397868.991,1093.160,500.000,ha
EX_191,525665.468,4397747.852,1135.120,500.000,ha
EX_192,524780.341,4397696.912,1150.560,500.000,ha
EX_193,523768.293,4397609.253,1166.280,500.000,ha
EX_194,522713.005,4397526.284,1175.480,500.000,ha
EX_20,523595.928,4402404.229,1237.310,500.000,hei
EX_202,529951.017,4394018.428,1145.940,500.000,ha
EX_203,527890.672,4394839.347,1176.110,500.000,ha
EX_204,525927.066,4394821.619,1165.160,500.000,ha
EX_205,528807.418,4394021.359,1107.890,500.000,ha
EX_206,527919.361,4393978.490,1166.750,500.000,ha
EX_207,529647.273,4393113.412,1112.120,500.000,ha
EX_208,526988.103,4393897.781,1180.440,500.000,ha
EX_209,526101.065,4392830.004,1166.790,500.000,ha
EX_21,519702.697,4402219.413,1198.660,500.000,hei
EX_210,526052.446,4393743.841,1182.760,500.000,ha
EX_211,525114.989,4393727.082,1193.120,500.000,ha
EX_212,524138.371,4393615.262,1179.420,500.000,ha
EX_23,527150.593,4400948.464,1213.640,500.000,hei
EX_24,523704.296,4400639.496,1162.340,500.000,hei
EX_25,522176.714,4400421.556,1179.540,500.000,hei
EX_253,526015.988,4403451.404,1177.930,500.000,hei
EX_254,525164.911,4403404.255,1165.630,500.000,hei
EX_255,524087.123,4403292.585,1169.280,500.000,hei
EX_257,522443.770,4403242.687,1267.570,500.000,hei
EX_258,521452.942,4403235.238,1250.120,500.000,hei
EX_259,520558.435,4403072.518,1202.370,500.000,hei
EX_260,527088.445,4402556.116,1196.110,500.000,hei
EX_261,525201.180,4402517.308,1204.570,500.000,hei
EX_262,524401.244,4402526.339,1215.200,500.000,hei
EX_264,520694.585,4402370.613,1238.050,500.000,hei
EX_265,525514.117,4397786.832,1138.600,500.000,ha
EX_266,527102.984,4401817.891,1206.050,500.000,hei
EX_267,525984.585,4401671.331,1198.040,500.000,hei
EX_268,525265.640,4401613.181,1230.580,500.000,hei
EX_270,522513.478,4401442.213,1225.370,500.000,hei
EX_271,521773.042,4401265.003,1211.330,500.000,hei
EX_272,520759.355,4401413.525,1171.010,500.000,hei
EX_273,528172.131,4400882.022,1141.540,500.000,hei
EX_274,526153.076,4400857.624,1191.410,500.000,hei
EX_275,524730.664,4400765.886,1175.720,500.000,hei
EX_276,522537.197,4400573.527,1194.080,500.000,hei
EX_277,521654.381,4400627.988,1163.100,500.000,hei
EX_279,528230.621,4399993.945,1163.250,500.000,hei
EX_28,524514.876,4403082.733,1128.220,500.000,hei
EX_280,527216.503,4399906.616,1202.310,500.000,hei
EX_281,526285.635,4399856.807,1176.680,500.000,hei
EX_282,525343.818,4399769.827,1170.550,500.000,hei
EX_283,524520.872,4399648.897,1120.630,500.000,hei
EX_284,523532.804,4399670.269,1168.890,500.000,hei
EX_289,528271.390,4399051.168,1154.630,500.000,hei
EX_290,527223.992,4398921.988,1139.800,500.000,hei
EX_292,524568.561,4398772.111,1054.670,500.000,hei
EX_296,528008.533,4403134.369,1160.110,500.000,hei
EX_297,527529.029,4403097.550,1144.760,500.000,hei
EX_298,527123.116,4403081.600,1119.410,500.000,hei
EX_301,526666.576,4398153.213,1026.500,500.000,ha
EX_302,528069.012,4402230.342,1194.790,500.000,hei
EX_303,527565.658,4402193.943,1204.320,500.000,hei
EX_304,527587.903,4397928.651,1092.860,500.000,ha
EX_305,527149.270,4397806.810,1101.240,500.000,ha
EX_306,526425.244,4397833.351,1102.260,500.000,ha
EX_307,528078.631,4401382.846,1169.310,500.000,hei
EX_308,527645.768,4401351.576,1194.530,500.000,hei
EX_31,520463.147,4404920.052,1284.830,500.000,hei
EX_311,528481.883,4400500.079,1111.470,500.000,hei
EX_312,528161.091,4400465.069,1136.630,500.000,hei
EX_313,527674.857,4400428.619,1136.850,500.000,hei
EX_315,528736.585,4400028.115,1144.980,500.000,hei
EX_318,528244.240,4399520.632,1177.880,500.000,hei
EX_319,527770.936,4399478.312,1190.850,500.000,hei
EX_320,527914.555,4397448.906,1114.180,500.000,ha
EX_321,526676.275,4397411.748,1133.270,500.000,ha
EX_322,526249.722,4397282.597,1115.320,500.000,ha
EX_323,525683.338,4397371.729,1143.700,500.000,ha
EX_324,525251.354,4397293.819,1186.720,500.000,ha
EX_325,524783.321,4397232.489,1188.490,500.000,ha
EX_327,529120.334,4397289.654,1110.380,500.000,ha
EX_330,528376.468,4397262.065,1118.640,500.000,ha
EX_331,528144.566,4397235.485,1128.480,500.000,ha
EX_332,527908.265,4397212.975,1131.530,500.000,ha
EX_333,527663.153,4397163.865,1130.000,500.000,ha
EX_334,526721.663,4403527.694,1162.960,500.000,hei
EX_335,526495.682,4403502.164,1148.660,500.000,hei
EX_336,525571.824,4403435.605,1163.460,500.000,hei
EX_338,528220.085,4403392.011,1138.520,500.000,hei
EX_339,527989.213,4403356.641,1146.610,500.000,hei
EX_340,527749.251,4403354.231,1119.420,500.000,hei
EX_341,526488.451,4403299.963,1117.420,500.000,hei
EX_342,528159.556,4396982.953,1142.220,500.000,ha
EX_343,527922.605,4396967.143,1157.480,500.000,ha
EX_344,528263.275,4403163.409,1116.090,500.000,hei
EX_345,527228.039,4396910.943,1136.500,500.000,ha
EX_346,526740.803,4403029.590,1142.530,500.000,hei
EX_347,525769.868,4396809.314,1174.910,500.000,ha
EX_348,525295.614,4396754.894,1177.820,500.000,ha
EX_352,529603.637,4396850.040,1107.790,500.000,ha
EX_353,529342.765,4396796.330,1128.590,500.000,ha
EX_354,528022.343,4402928.818,1131.760,500.000,hei
EX_355,527521.459,4402834.848,1176.720,500.000,hei
EX_356,526998.705,4402821.568,1169.680,500.000,hei
EX_357,526678.062,4402657.217,1151.250,500.000,hei
EX_358,526042.247,4402718.129,1184.540,500.000,hei
EX_359,525632.394,4402695.919,1187.980,500.000,hei
EX_360,527703.792,4396714.071,1177.960,500.000,ha
EX_361,528286.034,4402637.315,1158.070,500.000,hei
EX_362,527238.109,4396667.781,1145.940,500.000,ha
EX_363,527002.497,4396646.082,1129.970,500.000,ha
EX_364,528482.669,4397243.094,1113.640,500.000,ha
EX_367,525431.192,4402442.317,1218.700,500.000,hei
EX_368,529618.517,4396607.028,1127.370,500.000,ha
EX_369,529398.195,4396605.798,1141.440,500.000,ha
EX_370,529165.154,4396566.668,1160.980,500.000,ha
EX_371,528283.594,4402386.123,1163.180,500.000,hei
EX_372,528061.332,4402365.544,1192.620,500.000,hei
EX_373,527576.269,4402332.214,1208.360,500.000,hei
EX_374,527035.004,4402283.184,1185.800,500.000,hei
EX_375,526584.681,4402265.175,1134.570,500.000,hei
EX_376,526070.777,4402252.705,1197.020,500.000,hei
EX_377,525659.544,4402196.255,1231.060,500.000,hei
EX_378,525227.340,4402178.596,1207.140,500.000,hei
EX_379,524785.017,4402117.726,1232.800,500.000,hei
EX_380,526400.442,4396349.470,1045.440,500.000,ha
EX_381,525772.707,4396302.130,1111.930,500.000,ha
EX_382,525346.484,4396247.301,1166.480,500.000,ha
EX_383,528273.118,4397248.015,1121.220,500.000,ha
EX_386,529891.559,4396370.796,1105.090,500.000,ha
EX_387,529666.717,4396361.026,1133.080,500.000,ha
EX_388,529428.275,4396342.016,1154.950,500.000,ha
EX_389,529172.153,4396332.466,1172.250,500.000,ha
EX_390,525460.602,4401966.704,1227.040,500.000,hei
EX_391,528696.880,4396291.997,1174.060,500.000,ha
EX_392,528462.258,4396268.777,1181.660,500.000,ha
EX_393,528245.976,4396237.597,1183.680,500.000,ha
EX_394,528345.094,4401885.910,1157.370,500.000,hei
EX_395,527622.158,4401864.390,1164.430,500.000,hei
EX_396,526805.132,4401636.510,1190.360,500.000,hei
EX_397,525688.673,4401702.221,1237.300,500.000,hei
EX_398,524825.186,4401610.862,1234.640,500.000,hei
EX_400,529192.963,4396086.945,1162.250,500.000,ha
EX_401,529432.625,4396086.844,1158.110,500.000,ha
EX_402,529002.482,4396068.035,1137.650,500.000,ha
EX_403,528487.208,4396037.765,1166.060,500.000,ha
EX_404,528233.066,4395999.895,1183.350,500.000,ha
EX_405,528000.644,4395989.705,1208.860,500.000,ha
EX_406,527275.838,4395950.376,1152.520,500.000,ha
EX_407,526339.521,4395840.376,1123.590,500.000,ha
EX_408,529820.708,4395869.042,1127.020,500.000,ha
EX_410,529715.787,4395845.862,1127.100,500.000,ha
EX_411,525484.931,4401430.940,1231.960,500.000,hei
EX_412,525047.558,4401390.170,1225.650,500.000,hei
EX_413,528986.281,4395829.003,1126.240,500.000,ha
EX_414,528737.439,4395790.243,1143.160,500.000,ha
EX_415,528492.277,4395776.513,1165.850,500.000,ha
EX_416,528263.906,4395748.173,1181.890,500.000,ha
EX_417,526673.950,4401267.337,1213.130,500.000,hei
EX_418,526128.416,4401201.397,1220.810,500.000,hei
EX_419,525719.103,4401172.407,1216.660,500.000,hei
EX_420,525308.119,4401136.038,1194.720,500.000,hei
EX_421,524824.336,4401125.158,1203.180,500.000,hei
EX_422,529257.093,4395617.221,1099.280,500.000,ha
EX_423,528979.311,4395567.471,1116.580,500.000,ha
EX_424,528741.899,4395548.901,1124.850,500.000,ha
EX_425,528529.307,4395508.991,1131.750,500.000,ha
EX_426,528389.993,4401207.914,1162.480,500.000,hei
EX_427,527814.472,4395473.232,1164.390,500.000,ha
EX_428,527327.278,4395430.212,1176.810,500.000,ha
EX_429,526893.444,4395391.612,1156.360,500.000,ha
EX_430,526337.630,4395349.213,1114.570,500.000,ha
EX_431,528662.846,4393516.176,1107.460,500.000,ha
EX_432,529389.554,4395337.459,1094.380,500.000,ha
EX_434,529740.786,4395289.218,1082.330,500.000,ha
EX_435,529486.515,4395330.019,1092.360,500.000,ha
EX_436,528395.243,4401012.253,1147.740,500.000,hei
EX_437,527699.928,4401032.764,1171.560,500.000,hei
EX_438,526634.859,4400883.814,1214.680,500.000,hei
EX_439,525751.623,4400818.195,1171.010,500.000,hei
EX_440,528893.268,4393808.698,1090.560,500.000,ha
EX_441,529191.150,4393557.375,1092.590,500.000,ha
EX_442,529695.346,4395123.427,1077.970,500.000,ha
EX_443,529515.224,4395085.677,1109.870,500.000,ha
EX_444,529327.303,4395075.397,1132.120,500.000,ha
EX_445,529025.951,4395060.457,1170.650,500.000,ha
EX_446,528314.205,4395026.098,1176.340,500.000,ha
EX_447,527841.221,4394976.538,1183.300,500.000,ha
EX_448,527374.238,4394944.228,1217.130,500.000,ha
EX_449,523029.574,4394578.141,1153.370,500.000,ha
EX_450,528993.028,4393259.753,1091.720,500.000,ha
EX_451,529805.996,4394825.024,1037.370,500.000,ha
EX_452,529521.874,4394845.115,1115.750,500.000,ha
EX_453,529278.182,4394808.335,1159.130,500.000,ha
EX_454,527217.303,4400408.310,1171.670,500.000,hei
EX_455,526704.579,4400393.410,1199.550,500.000,hei
EX_458,529877.478,4395320.458,1082.210,500.000,ha
EX_459,524926.645,4400212.021,1186.740,500.000,hei
EX_460,524336.981,4400247.492,1140.080,500.000,hei
EX_461,528777.128,4394526.363,1141.930,500.000,ha
EX_462,528372.495,4394522.804,1130.270,500.000,ha
EX_463,527856.671,4394450.804,1177.660,500.000,ha
EX_464,527409.477,4394430.994,1208.590,500.000,ha
EX_466,527884.261,4394213.612,1204.600,500.000,ha
EX_470,526304.236,4400027.058,1157.570,500.000,hei
EX_471,529276.481,4394075.449,1092.290,500.000,ha
EX_472,528425.135,4394013.050,1152.220,500.000,ha
EX_473,528151.343,4393992.170,1176.980,500.000,ha
EX_474,527709.579,4393947.940,1181.360,500.000,ha
EX_477,528452.862,4400006.115,1166.460,500.000,hei
EX_478,527732.387,4399929.685,1183.170,500.000,hei
EX_479,526735.159,4399819.846,1198.360,500.000,hei
EX_480,526487.077,4399859.016,1182.210,500.000,hei
EX_481,526128.564,4399828.947,1164.630,500.000,hei
EX_482,528443.744,4393520.056,1132.980,500.000,ha
EX_483,524950.755,4399739.267,1181.980,500.000,hei
EX_484,524020.738,4399661.328,1108.120,500.000,hei
EX_487,529868.905,4393152.872,1103.460,500.000,ha
EX_488,529434.181,4393094.232,1092.780,500.000,ha
EX_489,528486.052,4399778.153,1186.390,500.000,hei
EX_493,530435.269,4392706.447,1193.670,500.000,ha
EX_494,526245.805,4399653.635,1152.490,500.000,hei
EX_495,529488.551,4392627.288,1110.610,500.000,ha
EX_499,530444.158,4392193.054,1159.550,500.000,ha
EX_500,521240.466,4399372.179,1133.830,500.000,ha
EX_501,528522.552,4399514.121,1180.970,500.000,hei
EX_502,527276.243,4399428.992,1168.910,500.000,hei
EX_503,526749.568,4399410.223,1155.130,500.000,hei
EX_504,522271.883,4398971.905,1116.580,500.000,ha
EX_505,521762.949,4398951.855,1133.630,500.000,ha
EX_506,525431.138,4399337.634,1174.570,500.000,hei
EX_508,524535.101,4399232.644,1135.200,500.000,hei
EX_509,524035.717,4399216.605,1121.090,500.000,hei
EX_51,528069.363,4402626.005,1151.450,500.000,hei
EX_510,522285.163,4398550.972,1114.310,500.000,ha
EX_511,521303.955,4398437.922,1160.580,500.000,ha
EX_513,528524.952,4399315.630,1179.230,500.000,hei
EX_514,525206.175,4398219.076,1114.730,500.000,ha
EX_515,524771.002,4398210.156,1123.640,500.000,ha
EX_516,524227.397,4398168.566,1126.030,500.000,ha
EX_517,526525.336,4399147.961,1138.840,500.000,hei
EX_518,523247.170,4398113.537,1161.030,500.000,ha
EX_519,522814.066,4398087.008,1135.400,500.000,ha
EX_520,522241.682,4398024.938,1120.410,500.000,ha
EX_521,521772.908,4397983.268,1111.320,500.000,ha
EX_522,524272.107,4397670.073,1169.160,500.000,ha
EX_523,523255.059,4397607.253,1188.300,500.000,ha
EX_524,521571.786,4397479.715,1152.290,500.000,ha
EX_525,524307.297,4397199.709,1202.920,500.000,ha
EX_527,526804.078,4398930.459,1143.510,500.000,hei
EX_528,522860.895,4396601.636,1199.210,500.000,ha
EX_529,525832.881,4398861.960,1124.640,500.000,hei
EX_530,526951.078,4397861.731,1102.200,500.000,ha
EX_531,525440.408,4398867.530,1116.520,500.000,hei
EX_532,526925.677,4397457.488,1117.940,500.000,ha
EX_534,524915.930,4396286.641,1191.180,500.000,ha
EX_535,525347.043,4395773.287,1143.180,500.000,ha
EX_536,522699.302,4395557.879,1191.570,500.000,ha
EX_537,522899.934,4395576.229,1209.990,500.000,ha
EX_538,527019.577,4396404.020,1147.540,500.000,ha
EX_539,527261.268,4396224.668,1164.370,500.000,ha
EX_540,527033.957,4396162.128,1140.210,500.000,ha
EX_541,526808.055,4396197.638,1122.360,500.000,ha
EX_542,527531.310,4395954.666,1178.260,500.000,ha
EX_543,527019.216,4395908.546,1122.360,500.000,ha
EX_544,527789.562,4395691.163,1187.480,500.000,ha
EX_545,527586.950,4395721.974,1164.800,500.000,ha
EX_546,527273.018,4395638.694,1155.560,500.000,ha
EX_547,527074.626,4395661.364,1163.810,500.000,ha
EX_548,526860.085,4395636.844,1163.170,500.000,ha
EX_549,530245.378,4393117.091,1135.440,500.000,ha
EX_550,528041.694,4395479.371,1178.440,500.000,ha
EX_551,527547.530,4395439.012,1149.020,500.000,ha
EX_552,527101.076,4395414.262,1187.290,500.000,ha
EX_553,529231.951,4394358.121,1114.650,500.000,ha
EX_554,525888.837,4395329.213,1112.820,500.000,ha
EX_555,525404.143,4395272.743,1082.160,500.000,ha
EX_556,528290.985,4395257.969,1201.620,500.000,ha
EX_557,528078.623,4395257.840,1214.400,500.000,ha
EX_558,527816.041,4395211.860,1210.920,500.000,ha
EX_559,527598.120,4395201.270,1203.960,500.000,ha
EX_560,527362.218,4395178.240,1209.200,500.000,ha
EX_561,529613.885,4395095.897,1094.200,500.000,ha
EX_562,528984.539,4394068.780,1096.650,500.000,ha
EX_563,528551.297,4395021.687,1188.970,500.000,ha
EX_564,528071.673,4394980.008,1182.450,500.000,ha
EX_565,527617.500,4394943.908,1208.580,500.000,ha
EX_567,526404.330,4394830.869,1167.200,500.000,ha
EX_568,525381.672,4394756.259,1121.540,500.000,ha
EX_570,519459.557,4402961.149,1247.210,500.000,hei
EX_571,528322.865,4394764.886,1166.350,500.000,ha
EX_572,528070.733,4394733.226,1156.230,500.000,ha
EX_573,527870.061,4394755.956,1178.700,500.000,ha
EX_576,529062.650,4394552.543,1142.140,500.000,ha
EX_577,528580.216,4394517.613,1140.940,500.000,ha
EX_578,528105.783,4394484.064,1155.700,500.000,ha
EX_579,530075.299,4394911.165,1084.750,500.000,ha
EX_580,526932.864,4394363.994,1187.820,500.000,ha
EX_581,526474.320,4394347.255,1178.700,500.000,ha
EX_582,525973.966,4394321.615,1144.080,500.000,ha
EX_583,529321.392,4394353.791,1117.360,500.000,ha
EX_584,529103.690,4394323.221,1124.780,500.000,ha
EX_585,528855.758,4394331.892,1121.140,500.000,ha
EX_586,528592.916,4394271.672,1102.540,500.000,ha
EX_587,528356.214,4394268.042,1144.450,500.000,ha
EX_589,528735.871,4397244.104,1116.180,500.000,ha
EX_590,529119.800,4394059.709,1094.100,500.000,ha
EX_591,528614.846,4394016.700,1127.630,500.000,ha
EX_592,527387.247,4393955.631,1156.520,500.000,ha
EX_593,526473.879,4393851.911,1190.390,500.000,ha
EX_594,529118.060,4393795.257,1061.930,500.000,ha
EX_595,528635.466,4393742.878,1113.300,500.000,ha
EX_597,529914.705,4392959.790,1108.440,500.000,ha
EX_598,527431.486,4393450.507,1135.410,500.000,ha
EX_599,527010.173,4393419.227,1193.920,500.000,ha
EX_600,527512.416,4392952.613,1176.520,500.000,ha
EX_601,521010.110,4396349.517,1193.110,500.000,ha
EX_602,529660.223,4392878.150,1128.360,500.000,ha
EX_603,530210.727,4392679.308,1164.410,500.000,ha
EX_605,530352.959,4393895.517,1155.280,500.000,ha
EX_606,529196.039,4392603.128,1118.330,500.000,ha
EX_608,530091.775,4392408.976,1140.410,500.000,ha
EX_610,529254.365,4397050.422,1120.380,500.000,ha
EX_611,529347.175,4396919.701,1125.060,500.000,ha
EX_612,522572.695,4406780.594,1229.460,500.000,hei
EX_613,529476.706,4396811.380,1120.100,500.000,ha
EX_614,529504.816,4396609.778,1134.280,500.000,ha
EX_615,529786.068,4396357.796,1119.320,500.000,ha
EX_616,528881.552,4397139.983,1129.380,500.000,ha
EX_617,528993.483,4397281.904,1116.420,500.000,ha
EX_618,529419.254,4395090.197,1125.640,500.000,ha
EX_625,529226.379,4392808.770,1130.900,500.000,ha
EX_626,523283.730,4406343.450,1258.340,500.000,hei
EX_627,523058.339,4406325.920,1262.940,500.000,hei
EX_631,522111.341,4406225.650,1228.930,500.000,hei
EX_632,530129.068,4394128.399,1132.780,500.000,ha
EX_633,530066.608,4394402.671,1107.920,500.000,ha
EX_634,523545.672,4406113.257,1288.740,500.000,hei
EX_635,523296.810,4406099.808,1277.180,500.000,hei
EX_637,528924.147,4392588.368,1151.320,500.000,ha
EX_640,521882.029,4406007.539,1228.480,500.000,hei
EX_642,523800.244,4405865.865,1281.080,500.000,hei
EX_643,523570.142,4405852.695,1298.500,500.000,hei
EX_644,523331.830,4405835.416,1299.550,500.000,hei
EX_645,529713.003,4392378.076,1151.210,500.000,ha
EX_647,529934.574,4392146.144,1161.820,500.000,ha
EX_652,521219.183,4405670.437,1263.540,500.000,hei
EX_653,520834.170,4405613.367,1229.270,500.000,hei
EX_655,523354.470,4405591.644,1291.860,500.000,hei
EX_660,523901.526,4399057.924,1054.430,500.000,ha
EX_661,523446.622,4399059.044,1058.940,500.000,ha
EX_663,524831.923,4398699.670,1052.830,500.000,ha
EX_664,521248.563,4405411.275,1262.640,500.000,hei
EX_665,524515.478,4405272.790,1221.360,500.000,hei
EX_666,524051.455,4405325.351,1245.180,500.000,hei
EX_667,523615.492,4405340.192,1271.640,500.000,hei
EX_668,523151.218,4405302.322,1266.300,500.000,hei
EX_669,522897.246,4405275.442,1261.210,500.000,hei
EX_671,526440.764,4398120.193,1044.640,500.000,ha
EX_675,525336.125,4397735.212,1139.180,500.000,ha
EX_676,524985.863,4397739.202,1153.630,500.000,ha
EX_677,526481.094,4397357.218,1123.670,500.000,ha
EX_678,520398.326,4405080.964,1287.340,500.000,hei
EX_679,525482.876,4397269.388,1163.410,500.000,ha
EX_680,524512.008,4397217.319,1172.080,500.000,ha
EX_681,526088.410,4396813.934,1149.830,500.000,ha
EX_682,522925.686,4405010.960,1255.690,500.000,hei
EX_683,522701.604,4405008.680,1249.560,500.000,hei
EX_684,526588.644,4396599.782,1039.130,500.000,ha
EX_685,529639.177,4396486.347,1131.830,500.000,ha
EX_692,524318.486,4404870.297,1271.520,500.000,hei
EX_693,523649.601,4404826.928,1260.090,500.000,hei
EX_694,523175.578,4404785.808,1233.890,500.000,hei
EX_695,522743.024,4404728.888,1239.900,500.000,hei
EX_700,529862.106,4394355.601,1076.360,500.000,ha
EX_701,529526.704,4394341.651,1035.400,500.000,ha
EX_703,529660.284,4394091.429,1088.800,500.000,ha
EX_709,530112.267,4393113.481,1134.460,500.000,ha
EX_711,524680.739,4404351.503,1229.070,500.000,hei
EX_712,524149.364,4404284.143,1249.280,500.000,hei
EX_713,523743.391,4404293.543,1236.720,500.000,hei
EX_714,523217.517,4404270.024,1220.270,500.000,hei
EX_715,522780.424,4404218.154,1225.230,500.000,hei
EX_716,525852.740,4398322.886,1036.520,500.000,ha
EX_720,520478.046,4404003.625,1252.200,500.000,hei
EX_721,519981.972,4404004.066,1208.310,500.000,hei
EX_723,525963.778,4403968.638,1189.660,500.000,hei
EX_724,525532.135,4403942.249,1217.070,500.000,hei
EX_725,524652.428,4403875.119,1215.540,500.000,hei
EX_726,524194.484,4403846.099,1229.250,500.000,hei
EX_727,523729.320,4403794.800,1202.490,500.000,hei
EX_728,522784.053,4403730.940,1240.830,500.000,hei
EX_731,521399.102,4403602.361,1249.350,500.000,hei
EX_732,520950.449,4403569.641,1245.780,500.000,hei
EX_733,520506.755,4403523.302,1242.760,500.000,hei
EX_737,526463.242,4403774.096,1172.240,500.000,hei
EX_739,525963.358,4403729.786,1191.080,500.000,hei
EX_740,525755.586,4403709.077,1191.220,500.000,hei
EX_741,525542.614,4403692.737,1189.460,500.000,hei
EX_744,524694.228,4403395.155,1186.080,500.000,hei
EX_746,522833.193,4403227.226,1257.840,500.000,hei
EX_747,521965.166,4403156.397,1268.690,500.000,hei
EX_748,520984.568,4403087.998,1223.680,500.000,hei
EX_749,520055.211,4403018.278,1251.550,500.000,hei
EX_750,518550.369,4402902.389,1115.380,500.000,hei
EX_755,527775.921,4403101.199,1140.950,500.000,hei
EX_756,527290.757,4403064.510,1138.680,500.000,hei
EX_757,526234.909,4402887.000,1139.980,500.000,hei
EX_758,525848.596,4402899.380,1144.930,500.000,hei
EX_759,525596.224,4402893.491,1145.780,500.000,hei
EX_760,524264.063,4402845.692,1185.930,500.000,hei
EX_761,523787.460,4403006.074,1205.290,500.000,hei
EX_762,523305.376,4402866.253,1232.440,500.000,hei
EX_763,522872.483,4402862.564,1259.180,500.000,hei
EX_765,521463.602,4402772.765,1275.250,500.000,hei
EX_766,520089.571,4402657.596,1215.670,500.000,hei
EX_767,520582.875,4402768.136,1209.690,500.000,hei
EX_768,520089.581,4402657.596,1215.670,500.000,hei
EX_769,518638.420,4402598.517,1239.570,500.000,hei
EX_770,527770.351,4402882.468,1138.990,500.000,hei
EX_771,527299.967,4402832.338,1159.200,500.000,hei
EX_772,526813.943,4402789.418,1151.870,500.000,hei
EX_773,526280.939,4402730.608,1159.510,500.000,hei
EX_777,522895.362,4402474.611,1220.790,500.000,hei
EX_778,522034.906,4402412.941,1228.200,500.000,hei
EX_779,521135.519,4402391.072,1263.050,500.000,hei
EX_780,520161.451,4402425.034,1185.720,500.000,hei
EX_781,518770.340,4402238.154,1174.770,500.000,hei
EX_782,527789.650,4402554.605,1183.130,500.000,hei
EX_783,527558.829,4402626.336,1189.760,500.000,hei
EX_784,527280.617,4402563.076,1185.240,500.000,hei
EX_785,526770.132,4402510.566,1145.470,500.000,hei
EX_786,526593.411,4402551.077,1142.780,500.000,hei
EX_787,526262.279,4402480.787,1187.150,500.000,hei
EX_788,526060.677,4402469.607,1194.840,500.000,hei
EX_789,525847.425,4402456.017,1185.260,500.000,hei
EX_790,525649.124,4402424.167,1214.280,500.000,hei
EX_791,527808.330,4402347.504,1192.700,500.000,hei
EX_792,527341.267,4402328.994,1194.590,500.000,hei
EX_793,526833.963,4402268.204,1155.010,500.000,hei
EX_794,525867.015,4402222.685,1201.610,500.000,hei
EX_795,523870.290,4402046.986,1244.560,500.000,hei
EX_797,526300.898,4402157.534,1166.120,500.000,hei
EX_805,524153.765,4404591.525,1276.880,500.000,hei
EX_806,523931.043,4404315.843,1264.220,500.000,hei
EX_807,524174.204,4404085.731,1235.860,500.000,hei
EX_811,521028.272,4405427.845,1254.360,500.000,hei
EX_812,520764.740,4405403.986,1236.950,500.000,hei
EX_813,520599.108,4405363.455,1245.170,500.000,hei
EX_815,520623.378,4405097.133,1282.900,500.000,hei
EX_819,520418.316,4404822.422,1269.020,500.000,hei
EX_820,520168.744,4404807.562,1250.880,500.000,hei
EX_823,520174.124,4404537.430,1225.390,500.000,hei
EX_828,520475.156,4404284.777,1272.540,500.000,hei
EX_829,520212.695,4404867.422,1254.280,500.000,hei
EX_830,520030.453,4404247.938,1229.560,500.000,hei
EX_832,520695.107,4404037.405,1278.590,500.000,hei
EX_833,520182.753,4404042.456,1239.160,500.000,hei
EX_835,521156.731,4403822.783,1248.640,500.000,hei
EX_836,520851.318,4403886.364,1252.880,500.000,hei
EX_837,520727.487,4403789.303,1266.470,500.000,hei
EX_838,520507.256,4403779.254,1249.260,500.000,hei
EX_839,520398.495,4403617.962,1243.520,500.000,hei
EX_840,520010.612,4403736.624,1246.350,500.000,hei
EX_842,519067.013,4402917.259,1188.920,500.000,hei
EX_903,523608.812,4405575.713,1273.590,500.000,hei
EX_904,520884.127,4402379.142,1251.610,500.000,hei
EX_906,523327.159,4405272.811,1252.320,500.000,hei
EX_908,523139.078,4405029.090,1246.650,500.000,hei
EX_909,521341.530,4402411.472,1260.340,500.000,hei
EX_910,523608.541,4405074.020,1268.430,500.000,hei
EX_911,523817.723,4405086.719,1274.850,500.000,hei
EX_912,524106.525,4405110.359,1263.910,500.000,hei
EX_914,524560.628,4404864.157,1254.660,500.000,hei
EX_920,523054.657,4404889.699,1246.880,500.000,hei
EX_921,522805.105,4405126.561,1259.120,500.000,hei
EX_925,521783.458,4406118.570,1241.400,500.000,hei
EX_928,520274.015,4404961.523,1273.230,500.000,hei
EX_933,519708.650,4404252.528,1240.320,500.000,hei
EX_936,522124.622,4406547.712,1217.420,500.000,hei
EX_937,521140.299,4402636.814,1253.380,500.000,hei
EX_938,521181.529,4402177.851,1231.660,500.000,hei
EX_A264,525190.904,4397662.761,1155.540,500.000,ha
EX_A302,526209.493,4398111.054,1027.940,500.000,ha
EX_A303,528092.217,4397902.160,1099.830,500.000,ha
EX_A307,525952.470,4397796.612,1105.250,500.000,ha
EX_A311,528105.727,4397722.748,1114.810,500.000,ha
EX_A313,527430.712,4397694.559,1112.380,500.000,ha
EX_A319,528134.727,4397480.466,1114.670,500.000,ha
EX_A328,528891.592,4397290.664,1113.240,500.000,ha
EX_A329,528609.730,4397266.874,1113.530,500.000,ha
EX_A334,527409.991,4397112.295,1130.720,500.000,ha
EX_A335,527234.799,4397129.325,1131.650,500.000,ha
EX_A338,529382.576,4397062.912,1109.360,500.000,ha
EX_A339,529120.104,4397053.462,1127.160,500.000,ha
EX_A340,528882.502,4397031.642,1136.290,500.000,ha
EX_A341,528417.448,4397018.103,1127.820,500.000,ha
EX_A344,527442.501,4396929.653,1157.390,500.000,ha
EX_A346,526268.162,4396830.224,1147.360,500.000,ha
EX_A354,529152.874,4396799.920,1142.640,500.000,ha
EX_A355,528904.582,4396804.200,1159.070,500.000,ha
EX_A356,528654.600,4396781.941,1141.240,500.000,ha
EX_A357,528415.728,4396761.231,1151.140,500.000,ha
EX_A358,528169.756,4396743.811,1153.130,500.000,ha
EX_A359,527944.704,4396717.561,1166.710,500.000,ha
EX_A361,527461.831,4396686.121,1159.200,500.000,ha
EX_A367,529902.439,4396641.668,1099.290,500.000,ha
EX_A371,528941.892,4396538.628,1175.810,500.000,ha
EX_A372,528678.580,4396541.239,1163.120,500.000,ha
EX_A373,528433.868,4396521.309,1171.140,500.000,ha
EX_A374,528195.166,4396501.569,1169.940,500.000,ha
EX_A375,527963.944,4396485.309,1175.080,500.000,ha
EX_A376,527718.042,4396463.839,1184.190,500.000,ha
EX_A377,527486.820,4396434.769,1178.640,500.000,ha
EX_A378,527250.999,4396439.020,1174.940,500.000,ha
EX_A379,526792.475,4396385.010,1132.330,500.000,ha
EX_A390,528951.292,4396310.247,1182.190,500.000,ha
EX_A394,527986.884,4396238.247,1192.120,500.000,ha
EX_A395,527744.332,4396231.327,1190.580,500.000,ha
EX_A396,527517.850,4396215.078,1178.540,500.000,ha
EX_A397,529809.648,4396105.774,1129.320,500.000,ha
EX_A411,529448.925,4395854.313,1127.170,500.000,ha
EX_A412,529212.023,4395833.093,1143.740,500.000,ha
EX_A417,528028.404,4395736.583,1212.290,500.000,ha
EX_A419,529970.819,4395638.350,1095.640,500.000,ha
EX_A420,529730.547,4395600.610,1091.350,500.000,ha
EX_A421,529417.704,4395579.680,1090.740,500.000,ha
EX_A426,528209.475,4395450.981,1168.530,500.000,ha
EX_A436,529269.603,4395317.719,1111.610,500.000,ha
EX_A437,528989.301,4395229.068,1165.980,500.000,ha
EX_A438,528668.218,4395256.349,1138.880,500.000,ha
EX_A439,528524.257,4395274.349,1159.320,500.000,ha
EX_A454,529056.781,4394829.815,1172.180,500.000,ha
EX_A459,529532.854,4394612.843,1106.740,500.000,ha
EX_A460,529292.922,4394563.293,1135.340,500.000,ha
EX_A470,529862.636,4394119.829,1119.940,500.000,ha
EX_A478,530375.959,4393681.015,1134.770,500.000,ha
EX_A479,529878.335,4393621.395,1129.800,500.000,ha
EX_A480,529431.142,4393597.005,1095.720,500.000,ha
EX_A481,528883.258,4393552.096,1061.960,500.000,ha
EX_A483,527918.340,4393541.797,1126.860,500.000,ha
EX_A489,528453.274,4392982.412,1099.260,500.000,ha
EX_A494,529958.205,4392678.188,1125.020,500.000,ha
EX_A501,524158.518,4399011.823,1059.910,500.000,ha
EX_A502,523206.581,4399044.824,1060.790,500.000,ha
EX_A503,522748.707,4399019.085,1082.490,500.000,ha
EX_A506,521282.085,4398906.786,1163.850,500.000,ha
EX_A507,520847.362,4398885.506,1147.960,500.000,ha
EX_A508,523758.664,4398636.921,1109.800,500.000,ha
EX_A509,523228.610,4398597.941,1123.730,500.000,ha
EX_A513,525625.428,4398231.205,1120.400,500.000,ha
EX_A517,523760.614,4398155.627,1141.030,500.000,ha
EX_A526,523797.403,4397144.899,1184.980,500.000,ha
EX_A527,523363.969,4397108.020,1195.760,500.000,ha
EX_A529,527454.152,4397924.641,1087.260,500.000,ha
EX_A531,527179.189,4397629.169,1120.740,500.000,ha
EX_A533,524412.347,4396717.985,1220.760,500.000,ha
EX_A569,528811.799,4394796.775,1175.120,500.000,ha
EX_A570,528568.817,4394780.315,1168.220,500.000,ha
EX_A664,524185.038,4398656.420,1080.940,500.000,ha
EX_A666,526011.341,4398302.465,1032.810,500.000,ha
EX_A668,525439.457,4398250.886,1122.660,500.000,ha
EX_A669,525033.034,4398227.506,1120.710,500.000,ha
EX_A682,523949.513,4396633.275,1219.100,500.000,ha
EX_A692,529638.906,4395596.810,1091.570,500.000,ha
EX_A694,530186.449,4394653.093,1088.420,500.000,ha
EX_A712,523402.050,4397605.423,1172.110,500.000,ha
EX_A714,522411.610,4395827.011,1242.220,500.000,ha
EX_AHS063,520207.340,4400969.423,1165.870,500.000,ha
EX_AHS073,520395.301,4400791.121,1142.457,500.000,ha
EX_AHS083,520586.612,4400623.000,1177.172,500.000,ha
EX_AHS113,520955.775,4400402.307,1120.128,500.000,ha
EX_AHS123,521189.047,4400322.137,1152.936,500.000,ha
EX_AHS133,521420.778,4400228.616,1147.105,500.000,ha
EX_AHS143,521660.620,4400134.475,1128.911,500.000,ha
EX_BK1501,521980.003,4400720.799,1148.837,205.060,ha
EX_BK1601,521978.213,4400334.696,1186.584,252.650,ha
EX_BK1602,522433.126,4400454.646,1164.358,230.860,ha
EX_BK1603,522730.029,4400447.676,1207.622,291.700,ha
EX_BK1701,521880.322,4400179.995,1163.118,232.140,ha
EX_BK1702,522109.994,4400227.315,1188.679,256.230,ha
EX_BK1703,522321.185,4400192.664,1146.497,215.910,ha
EX_BK1704,522660.808,4400251.944,1175.271,260.180,ha
EX_BK1705,522915.540,4400287.594,1193.123,249.450,ha
EX_BK1706,523127.081,4400287.254,1191.805,238.110,ha
EX_BK1801,521963.772,4399947.133,1125.201,195.510,ha
EX_BK1802,522355.015,4399925.782,1144.662,218.750,ha
EX_BK1803,522908.470,4400012.962,1155.272,213.250,ha
EX_BK1804,523299.063,4400070.502,1165.160,207.060,ha
EX_BK1805,523538.744,4400043.472,1157.740,193.530,ha
EX_BK1806,523778.536,4400120.332,1093.635,131.110,ha
EX_BK1901,521698.510,4399674.941,1091.793,173.630,ha
EX_BK1902,522108.993,4399653.570,1084.817,166.650,ha
EX_BK1903,522728.588,4399733.130,1165.659,226.600,ha
EX_BK1904,522962.460,4399753.890,1128.597,173.650,ha
EX_BK1905,523408.393,4399827.250,1160.623,214.580,ha
EX_BK1906,523642.395,4399821.160,1164.361,204.500,ha
EX_BK1907,523928.047,4399883.730,1100.240,154.090,ha
EX_BK1909,521609.119,4399405.229,1077.313,160.690,ha
EX_BK1910,522119.233,4399460.309,1076.033,155.000,ha
EX_BK1911,523046.670,4399487.158,1109.012,248.880,ha
EX_BK1912,523312.522,4399534.518,1148.190,191.050,ha
EX_BK1913,523722.735,4399612.948,1148.734,284.200,ha
EX_BK1914,524054.948,4399603.658,1110.478,165.160,ha
EX_BK1915,524234.579,4399580.377,1068.084,137.230,ha
EX_BK2001,521556.198,4399157.237,1113.780,205.370,ha
EX_BK2002,523278.252,4399297.286,1107.633,156.050,ha
EX_BK2003,523514.293,4399336.576,1105.498,159.310,ha
EX_BK2004,523884.046,4399352.406,1134.504,180.300,ha
EX_BK2005,524196.059,4399362.346,1064.368,105.700,ha
EX_BK2007,521985.811,4398938.085,1130.996,236.300,ha
EX_BK2101,521885.570,4398728.634,1144.593,253.100,ha
EX_BK2201,523174.300,4398368.699,1134.610,203.300,ha
EX_BK2202,523023.708,4398078.967,1151.826,222.640,ha
EX_H1104,523495.897,4402509.430,1206.125,500.000,hei
EX_H1105,524175.802,4402422.569,1205.540,500.000,hei
EX_H1106,521418.551,4402051.769,1222.224,500.000,hei
EX_H1107,521618.652,4402105.910,1205.154,500.000,hei
EX_H1109,522171.016,4402142.059,1222.201,500.000,hei
EX_H1110,522415.708,4402161.979,1247.678,500.000,hei
EX_H1111,522657.160,4402203.739,1241.070,500.000,hei
EX_H1112,522915.762,4402201.639,1231.629,500.000,hei
EX_H1113,523167.874,4402226.008,1229.883,500.000,hei
EX_H1114,523433.686,4402231.588,1224.934,500.000,hei
EX_H1115,523710.188,4402278.028,1258.871,500.000,hei
EX_H1116,523970.191,4402286.708,1225.536,500.000,hei
EX_H1117,524218.932,4402320.228,1209.290,500.000,hei
EX_H1118,524552.985,4402316.437,1223.898,500.000,hei
EX_H1201,521224.859,4401804.418,1220.297,500.000,hei
EX_H1202,521467.581,4401840.318,1215.753,500.000,hei
EX_H1203,521772.583,4401857.257,1219.529,500.000,hei
EX_H1204,522142.966,4401906.867,1220.673,500.000,hei
EX_H1206,522730.191,4401961.087,1238.441,500.000,hei
EX_H1207,523031.493,4401971.957,1228.706,500.000,hei
EX_H1208,523309.705,4401995.487,1226.438,500.000,hei
EX_H1209,523588.427,4402022.976,1252.810,500.000,hei
EX_H1210,524117.811,4402044.756,1232.084,500.000,hei
EX_H1211,524591.945,4402084.496,1232.487,500.000,hei
EX_H1212,521299.199,4401566.346,1182.482,500.000,hei
EX_H1213,521559.001,4401586.106,1188.659,500.000,hei
EX_H1214,521845.443,4401634.476,1218.359,500.000,hei
EX_H1215,522123.365,4401628.395,1213.377,500.000,hei
EX_H1216,522409.318,4401673.355,1233.795,500.000,hei
EX_H1217,522675.110,4401684.705,1234.711,500.000,hei
EX_H1218,522986.972,4401762.145,1222.793,500.000,hei
EX_H1219,523237.114,4401779.905,1174.977,500.000,hei
EX_H1220,523623.137,4401756.124,1254.013,500.000,hei
EX_H1221,523917.809,4401788.834,1246.198,500.000,hei
EX_H1222,524165.241,4401808.104,1234.545,500.000,hei
EX_H1223,524449.054,4401821.814,1236.028,500.000,hei
EX_H1224,524708.876,4401857.144,1239.003,500.000,hei
EX_H1302,521222.538,4401335.444,1156.953,500.000,hei
EX_H1303,521490.550,4401344.254,1192.558,500.000,hei
EX_H1304,521729.512,4401381.554,1216.086,500.000,hei
EX_H1305,521971.014,4401397.434,1199.541,500.000,hei
EX_H1306,522193.556,4401371.853,1198.898,500.000,hei
EX_H1307,522831.001,4401467.213,1237.720,500.000,hei
EX_H1308,523136.533,4401392.752,1186.081,500.000,hei
EX_H1309,523620.717,4401514.823,1225.568,500.000,hei
EX_H1310,524100.201,4401549.822,1209.848,500.000,hei
EX_H1312,521505.110,4401128.682,1160.643,500.000,hei
EX_H1313,521741.992,4401139.062,1176.860,500.000,hei
EX_H1314,521998.094,4401163.342,1196.003,500.000,hei
EX_H1315,522237.826,4401131.041,1177.184,500.000,hei
EX_H1316,522564.538,4401193.581,1205.472,500.000,hei
EX_H1317,522740.230,4401209.661,1208.420,500.000,hei
EX_H1318,522986.932,4401217.861,1198.442,500.000,hei
EX_H1319,523179.253,4401261.071,1173.099,500.000,hei
EX_H1320,523495.636,4401272.181,1193.665,500.000,hei
EX_H1321,523666.967,4401296.311,1175.053,500.000,hei
EX_H1322,523958.839,4401312.291,1207.365,500.000,hei
EX_H1323,524213.061,4401356.511,1203.567,500.000,hei
EX_H1401,521767.572,4400926.020,1175.971,500.000,hei
EX_H1402,522099.834,4400962.430,1166.043,500.000,hei
EX_H1403,522328.326,4400891.609,1179.853,500.000,hei
EX_H1404,522575.068,4400955.670,1219.823,500.000,hei
EX_H1405,522843.880,4400980.799,1219.709,500.000,hei
EX_H1406,523147.503,4401053.990,1174.006,500.000,hei
EX_H1407,523390.754,4401025.609,1167.751,500.000,hei
EX_H1408,523721.687,4401088.529,1185.162,500.000,hei
EX_H1409,523916.829,4401066.369,1200.189,500.000,hei
EX_H1410,522301.776,4400701.078,1178.976,500.000,hei
EX_H1411,522571.798,4400793.878,1190.492,500.000,hei
EX_H1412,522787.699,4400772.938,1214.862,500.000,hei
EX_H1413,523024.691,4400794.568,1199.087,500.000,hei
EX_H1414,523249.403,4400780.497,1155.502,500.000,hei
EX_H1415,523586.946,4400818.647,1186.561,500.000,hei
EX_H1416,523753.547,4400847.507,1177.068,500.000,hei
EX_H1501,522763.149,4400550.836,1212.129,500.000,hei
EX_H1502,523042.231,4400621.807,1164.176,500.000,hei
EX_H1503,523286.343,4400611.266,1143.592,500.000,hei
EX_H1504,523552.535,4400555.175,1146.819,500.000,hei
EX_H1505,523251.742,4400273.504,1182.713,500.000,hei
EX_H26,519654.655,4400317.358,1180.490,500.000,ha
EX_H278,520749.433,4400471.258,1152.500,500.000,ha
EX_H285,522658.357,4399555.989,1138.710,500.000,hei
EX_H286,521878.601,4399503.719,1076.530,500.000,ha
EX_H287,520859.183,4399353.890,1137.080,500.000,ha
EX_H291,526306.615,4399000.200,1127.200,500.000,ha
EX_H293,522648.216,4398580.892,1068.810,500.000,ha
EX_H294,521779.459,4398552.482,1164.590,500.000,ha
EX_H295,520844.332,4398432.873,1184.770,500.000,ha
EX_H38,517636.779,4400184.340,1227.510,500.000,ha
EX_H40,525336.757,4398658.309,1041.490,500.000,ha
EX_H41,523604.414,4398971.753,1056.800,500.000,ha
EX_H42,522019.840,4398189.839,1076.430,500.000,ha
EX_H43,519784.823,4398315.053,1237.820,500.000,ha
EX_H44,525927.099,4396816.684,1162.180,500.000,ha
EX_H45,521972.788,4396291.425,1223.970,500.000,ha
EX_H526,527814.426,4399019.708,1118.820,500.000,hei
EX_H531,525540.408,4398867.530,1116.520,500.000,ha
EX_H547,528363.890,4398548.724,1101.780,500.000,ha
EX_H552,526863.278,4398432.015,1104.470,500.000,ha
EX_H567,526735.157,4398624.047,1103.200,500.000,ha
EX_H569,519663.216,4401377.246,1150.610,500.000,ha
EX_H901,522307.649,4403046.766,1275.475,500.000,hei
EX_H902,522517.860,4403051.416,1236.165,500.000,hei
EX_H903,522795.772,4403079.105,1249.290,500.000,hei
EX_HS011,519445.695,4401698.429,1176.040,500.000,ha
EX_HS012,519082.611,4401333.537,1136.690,500.000,ha
EX_HS013,518750.998,4400973.964,1202.170,500.000,ha
EX_HS020,519951.029,4401881.590,1134.260,500.000,ha
EX_HS021,519792.128,4401704.819,1179.250,500.000,ha
EX_HS022,519622.216,4401530.388,1160.780,500.000,ha
EX_HS023,519444.244,4401338.296,1113.150,500.000,ha
EX_HS024,519283.363,4401171.035,1113.740,500.000,ha
EX_HS025,519070.341,4400980.264,1157.500,500.000,ha
EX_HS026,518918.720,4400792.243,1191.110,500.000,ha
EX_HS041,520195.761,4401660.328,1194.120,500.000,ha
EX_HS042,520031.609,4401474.907,1181.740,500.000,ha
EX_HS043,519790.577,4401235.095,1114.560,500.000,ha
EX_HS044,519670.096,4401118.344,1112.920,500.000,ha
EX_HS046,519322.913,4400767.932,1165.040,500.000,ha
EX_HS047,519160.301,4400578.411,1194.250,500.000,ha
EX_HS051,520371.722,4401498.776,1211.780,500.000,ha
EX_HS052,520205.940,4401299.455,1190.148,500.000,ha
EX_HS053,520043.009,4401147.774,1162.326,500.000,ha
EX_HS054,519856.427,4400948.323,1122.258,500.000,ha
EX_HS055,519691.826,4400771.722,1110.300,500.000,ha
EX_HS056,519513.604,4400578.191,1151.474,500.000,ha
EX_HS057,519340.532,4400403.759,1191.151,500.000,ha
EX_HS061,520583.383,4401370.425,1176.630,500.000,ha
EX_HS062,520391.411,4401166.824,1165.700,500.000,ha
EX_HS064,520037.818,4400776.101,1122.090,500.000,ha
EX_HS065,519881.227,4400631.881,1097.240,500.000,ha
EX_HS067,519519.063,4400229.208,1180.950,500.000,ha
EX_HS071,520736.054,4401130.803,1145.203,500.000,ha
EX_HS072,520563.472,4400965.832,1155.849,500.000,ha
EX_HS074,520213.849,4400608.440,1116.119,500.000,ha
EX_HS075,520046.498,4400426.229,1091.178,500.000,ha
EX_HS076,519874.776,4400243.408,1145.870,500.000,ha
EX_HS077,519703.925,4400056.356,1165.569,500.000,ha
EX_HS081,520916.275,4400975.582,1181.560,500.000,ha
EX_HS082,520742.534,4400792.871,1201.880,500.000,ha
EX_HS084,520401.211,4400430.548,1099.542,500.000,ha
EX_HS085,520209.149,4400250.907,1087.894,500.000,ha
EX_HS086,520051.607,4400072.556,1141.662,500.000,ha
EX_HS087,519881.846,4399888.295,1176.040,500.000,ha
EX_HS091,520487.371,4400346.018,1096.197,500.000,ha
EX_HS092,520347.900,4400119.936,1095.934,500.000,ha
EX_HS093,520217.969,4399889.594,1154.370,500.000,ha
EX_HS094,520081.137,4399681.133,1165.745,500.000,ha
EX_HS101,520820.474,4400743.090,1205.370,500.000,ha
EX_HS103,520631.272,4400279.057,1100.218,500.000,ha
EX_HS104,520535.531,4400048.285,1082.414,500.000,ha
EX_HS105,520442.990,4399814.744,1137.258,500.000,ha
EX_HS106,520343.819,4399582.212,1127.685,500.000,ha
EX_HS111,521146.147,4400878.131,1194.570,500.000,ha
EX_HS112,521052.816,4400648.649,1174.570,500.000,ha
EX_HS114,520860.244,4400185.646,1097.585,500.000,ha
EX_HS115,520772.113,4399963.884,1084.140,500.000,ha
EX_HS116,520672.782,4399722.673,1135.118,500.000,ha
EX_HS117,520578.071,4399491.761,1090.729,500.000,ha
EX_HS121,521376.719,4400791.200,1188.830,500.000,ha
EX_HS122,521275.778,4400558.528,1148.560,500.000,ha
EX_HS124,521102.806,4400090.565,1094.956,500.000,ha
EX_HS125,520997.994,4399870.103,1085.748,500.000,ha
EX_HS126,520901.204,4399624.322,1089.600,500.000,ha
EX_HS131,521609.760,4400692.109,1170.170,500.000,ha
EX_HS132,521513.049,4400458.597,1148.940,500.000,ha
EX_HS134,521318.707,4400003.174,1092.314,500.000,ha
EX_HS135,521231.556,4399766.062,1080.305,500.000,ha
EX_HS136,521132.445,4399531.671,1103.564,500.000,ha
EX_HS137,521041.084,4399302.209,1132.576,500.000,ha
EX_HS141,521842.742,4400583.518,1109.530,500.000,ha
EX_HS142,521744.311,4400368.016,1109.700,500.000,ha
EX_HS144,521561.659,4399905.663,1092.698,500.000,ha
EX_HS145,521461.228,4399670.141,1079.034,500.000,ha
EX_HS146,521363.077,4399438.100,1098.792,500.000,ha
EX_HS147,521270.896,4399207.858,1140.443,500.000,ha
EX_HS176,522061.862,4399153.947,1099.220,500.000,ha
EX_HS185,522388.975,4399287.967,1076.010,500.000,ha
EX_HS187,522199.182,4398826.434,1134.850,500.000,ha
EX_HS196,522520.535,4398962.525,1102.320,500.000,ha
EX_N1,522924.548,4398910.514,1064.030,500.000,ha
EX_N10,519465.734,4400905.293,1114.820,500.000,ha
EX_N2,520729.170,4397503.906,1136.190,500.000,ha
EX_N3,521315.275,4398323.351,1161.080,500.000,ha
EX_N4,521888.220,4399118.757,1108.310,500.000,ha
EX_N5,521089.405,4399741.572,1084.640,500.000,ha
EX_N53,521609.038,4398731.464,1154.690,500.000,ha
EX_N6,520499.670,4398934.487,1167.100,500.000,ha
EX_N61,519976.797,4399897.425,1164.250,500.000,ha
EX_Y01,518792.055,4398179.963,1206.350,500.000,ha
EX_Y05,520931.051,4397410.415,1104.460,500.000,ha
EX_Y06,521021.561,4396952.031,1160.230,500.000,ha
EX_Y07,520511.947,4396864.051,1140.660,500.000,ha
EX_Y12,520554.097,4396373.007,1126.350,500.000,ha
EX_Y13,521059.071,4396499.678,1207.300,500.000,ha
EX_Y14,520593.676,4395892.754,1199.730,500.000,ha
EX_Y20,520611.776,4395359.590,1210.660,500.000,ha
EX_Y21,520684.806,4394962.027,1224.050,500.000,ha
EX_Y24,520680.215,4394413.182,1231.380,500.000,ha
HEI_1002,523881.815,4406529.620,1276.340,171.200,hei
HEI_1003,524113.427,4406301.148,1276.750,174.740,hei
HEI_1006,523409.272,4406740.192,1213.030,88.230,hei
HEI_1009,524033.746,4406104.437,1261.500,169.010,hei
HEI_1024,523211.439,4405956.787,1296.820,181.060,hei
HEI_1028,522944.197,4405930.307,1276.190,158.970,hei
HEI_1029,523214.449,4405688.465,1286.740,180.040,hei
HEI_1032,522975.687,4405683.315,1291.280,171.410,hei
HEI_1035,522751.145,4405660.415,1288.450,172.060,hei
HEI_1037,523269.949,4405152.541,1247.100,157.320,hei
HEI_1038,522259.402,4405903.937,1255.610,129.090,hei
HEI_1046,522073.370,4405358.954,1278.320,166.130,hei
HEI_1050,522133.860,4405101.962,1286.900,184.870,hei
HEI_1053,521643.236,4405319.444,1261.180,136.380,hei
HEI_1055,522146.260,4404835.960,1296.970,207.300,hei
HEI_1056,522376.001,4404603.547,1249.950,186.180,hei
HEI_1059,521679.336,4405053.952,1282.810,168.280,hei
HEI_1061,522179.639,4404536.027,1250.850,172.470,hei
HEI_1062,521426.704,4405033.232,1282.960,161.720,hei
HEI_1063,521673.336,4404779.730,1284.860,168.890,hei
HEI_107,523156.669,4406042.257,1282.260,174.130,hei
HEI_1070,522070.328,4404148.394,1250.110,171.380,hei
HEI_1073,521240.442,4404708.240,1269.120,148.180,hei
HEI_1074,521500.724,4404468.328,1309.160,228.060,hei
HEI_1075,521710.715,4404263.366,1281.410,193.660,hei
HEI_1081,521519.814,4403973.394,1262.530,179.260,hei
HEI_1092,521346.552,4403385.710,1257.660,191.970,hei
HEI_1107,523401.842,4406996.044,1209.560,81.910,hei
HEI_1110,523173.610,4406827.003,1234.600,105.540,hei
HEI_1118,522480.724,4406292.580,1251.090,122.150,hei
HEI_1128,521817.958,4405610.946,1253.800,120.760,hei
HEI_1137,521023.571,4405173.623,1248.460,134.250,hei
HEI_1154,524473.609,4405686.233,1240.360,143.150,hei
HEI_243,520361.307,4406164.182,1181.230,330.520,hei
HEI_603,522937.519,4407242.437,1199.200,199.970,hei
HEI_605,523460.803,4407112.825,1224.280,110.170,hei
HEI_606,523194.311,4407095.215,1191.540,87.650,hei
HEI_607,523944.496,4406898.523,1239.540,135.640,hei
HEI_613,522084.271,4406714.204,1208.320,245.540,hei
HEI_617,523432.509,4406560.131,1245.260,137.990,hei
HEI_622,524452.389,4406443.439,1288.900,207.060,hei
HEI_624,523771.134,4406375.019,1250.400,137.440,hei
HEI_628,522812.397,4406301.090,1264.840,133.770,hei
HEI_633,523768.124,4406118.507,1265.780,161.060,hei
HEI_637,522610.085,4406081.098,1270.440,146.510,hei
HEI_641,524072.566,4405901.605,1280.150,186.310,hei
HEI_645,523093.328,4405806.446,1280.730,182.200,hei
HEI_658,522650.754,4405517.554,1296.060,189.950,hei
HEI_679,519957.033,4405008.294,1260.420,406.850,hei
HEI_680,519486.459,4405052.624,1220.600,380.400,hei
HEI_681,518405.341,4404862.394,1177.710,368.280,hei
HEI_686,522008.249,4404954.291,1308.740,203.170,hei
HEI_691,520853.430,4404846.531,1287.080,175.970,hei
HEI_710,521114.431,4404335.547,1303.020,220.840,hei
HEI_729,522352.170,4403681.461,1263.260,216.490,hei
HEI_730,521875.066,4403630.901,1289.100,231.880,hei
HEI_736,518676.502,4403910.657,1141.460,284.770,hei
HEI_803,522524.294,4405801.116,1280.940,170.870,hei
HEI_804,522424.702,4405250.102,1275.380,191.150,hei
HEI_808,521357.065,4406268.521,1234.820,322.500,hei
HEI_809,520791.181,4406203.612,1184.700,330.430,hei
HEI_810,519882.123,4405535.188,1239.350,426.420,hei
HEI_817,518900.285,4404967.695,1205.980,364.300,hei
HEI_822,520694.188,4404566.709,1284.400,188.910,hei
HEI_824,519384.838,4404484.790,1231.810,370.820,hei
HEI_825,518958.054,4404428.070,1196.260,368.260,hei
HEI_834,518967.144,4403947.187,1168.910,282.440,hei
HEI_841,519047.124,4403412.603,1179.840,214.990,hei
HEI_902,524670.500,4405930.365,1231.900,137.220,hei
HEI_922,522535.273,4405383.733,1294.050,184.050,hei
HEI_923,522308.752,4405612.175,1278.510,164.920,hei
HEI_926,521480.286,4406423.212,1235.720,328.810,hei
HEI_935,522717.537,4407101.046,1210.770,216.710,hei
PR_1001,521247.181,4403773.913,1151.345,42.000,hei
PR_1002,521315.652,4403738.332,1150.576,42.500,hei
PR_1003,521345.272,4403704.922,1149.625,42.200,hei
PR_1004,521402.792,4403660.002,1148.817,46.800,hei
PR_1005,521447.923,4403591.221,1145.023,45.200,hei
PR_1006,521505.923,4403556.221,1143.812,43.600,hei
PR_1008,521820.345,4403300.408,1128.910,59.000,hei
PR_1009,521874.705,4403264.288,1127.221,61.800,hei
PR_1010,521618.674,4403481.290,1140.278,49.600,hei
PR_1011,521691.964,4403413.669,1136.725,53.600,hei
PR_1012,521332.632,4403600.781,1152.119,44.000,hei
PR_1013,520350.945,4404180.707,1183.779,70.000,hei
PR_1014,520410.465,4404150.406,1183.487,70.700,hei
PR_1016,520383.855,4404115.886,1181.739,69.900,hei
PR_1017,521751.675,4403267.378,1126.528,59.300,hei
PR_1018,521847.645,4403251.058,1125.515,62.900,hei
PR_1019,521949.046,4403172.067,1122.040,62.400,hei
PR_1020,521122.120,4403687.012,1168.693,63.000,hei
PR_1021,521165.270,4403646.192,1168.399,63.100,hei
PR_1022,520326.355,4404234.917,1155.775,46.200,hei
PR_1023,520256.774,4404300.518,1157.401,47.900,hei
PR_1024,520905.839,4403643.992,1170.310,60.800,hei
PR_1025,520858.368,4403681.332,1171.890,65.600,hei
PR_1026,520805.018,4403725.893,1173.857,65.400,hei
PR_1027,521514.483,4403374.909,1139.056,49.200,hei
PR_1029,521663.854,4403256.578,1125.874,57.900,hei
PR_1030,521891.765,4403103.317,1123.972,59.900,hei
PR_1031,520724.807,4403782.703,1152.474,64.100,hei
PR_1032,521275.301,4403454.560,1169.421,67.000,hei
PR_1034,520406.905,4404042.866,1155.951,44.500,hei
PR_1035,520369.435,4404082.876,1154.765,42.500,hei
PR_1036,520314.795,4404116.116,1155.025,44.700,hei
PR_1037,520272.334,4404161.987,1155.320,46.200,hei
PR_1038,520140.673,4404273.538,1147.023,51.000,hei
PR_1040,520611.467,4403907.054,1136.576,26.400,hei
PR_1041,520890.468,4403557.271,1169.113,63.400,hei
PR_1042,520754.927,4403650.312,1172.400,65.200,hei
PR_1043,520830.678,4403603.012,1170.337,63.600,hei
PR_1044,521256.561,4403457.130,1144.198,48.700,hei
PR_1045,521417.922,4403386.699,1133.415,46.600,hei
PR_1046,521491.113,4403299.679,1130.170,53.400,hei
PR_1047,521312.011,4403428.150,1145.235,57.500,hei
PR_1048,521546.613,4403261.508,1130.654,47.700,hei
PR_1049,521721.514,4403084.947,1117.977,66.200,hei
PR_1050,521810.435,4403014.866,1116.125,38.500,hei
PR_1051,520997.189,4403567.401,1167.792,62.200,hei
PR_1052,521039.699,4403529.371,1165.323,61.100,hei
PR_1053,521086.250,4403494.761,1164.050,63.000,hei
PR_1054,521131.220,4403455.790,1164.156,64.800,hei
PR_1055,521184.530,4403408.680,1163.961,70.000,hei
PR_1056,521655.394,4403049.627,1141.966,90.500,hei
PR_1057,520735.637,4403677.622,1154.597,46.200,hei
PR_1058,520676.137,4403738.763,1153.335,45.300,hei
PR_1107,521609.173,4403133.937,1117.437,45.200,hei
PR_1108,521712.424,4403056.167,1114.678,46.500,hei
PR_1109,521680.984,4403002.286,1144.751,69.500,hei
PR_1110,521521.963,4403010.126,1143.079,69.300,hei
PR_1111,521604.573,4403002.476,1141.710,73.200,hei
PR_1112,521641.893,4402963.796,1141.158,74.100,hei
PR_1113,521689.254,4402917.316,1141.615,77.100,hei
PR_1114,521568.833,4403024.187,1142.734,71.700,hei
PR_1115,521614.223,4402875.545,1139.335,73.300,hei
PR_1117,520020.382,4404044.776,1166.505,73.000,hei
PR_1118,520067.443,4404006.316,1166.490,67.500,hei
PR_1119,520114.123,4403967.935,1167.821,65.400,hei
PR_1121,521203.430,4403216.588,1153.306,69.100,hei
PR_1122,521244.951,4403177.888,1151.377,70.200,hei
PR_1123,520737.147,4403374.300,1166.224,60.700,hei
PR_1124,520689.767,4403407.371,1168.282,73.300,hei
PR_1125,520637.736,4403449.281,1169.125,65.500,hei
PR_1126,520580.076,4403497.961,1167.833,63.200,hei
PR_1127,520509.485,4403537.302,1167.400,47.700,hei
PR_1128,520441.155,4403588.582,1166.766,65.500,hei
PR_1129,520383.355,4403631.133,1168.151,64.900,hei
PR_1131,520293.194,4403700.333,1175.101,78.100,hei
PR_1132,520239.764,4403747.794,1175.258,72.700,hei
PR_1133,520174.113,4403808.904,1170.891,63.000,hei
PR_1134,520125.813,4403853.415,1170.031,66.700,hei
PR_1135,520050.772,4403902.965,1165.736,65.200,hei
PR_1136,520852.388,4403355.200,1161.530,69.600,hei
PR_1137,520907.428,4403318.720,1160.836,65.800,hei
PR_1138,520955.269,4403285.479,1160.554,72.100,hei
PR_1139,520999.879,4403252.109,1158.744,75.600,hei
PR_1140,521128.210,4403150.728,1148.877,73.700,hei
PR_1141,521201.310,4403076.847,1148.126,64.600,hei
PR_1142,521255.251,4403046.097,1149.148,67.100,hei
PR_1143,521315.031,4403007.207,1148.265,70.700,hei
PR_1144,521387.021,4402963.346,1143.440,71.600,hei
PR_1145,521180.010,4402888.616,1136.692,67.400,hei
PR_1146,521508.872,4402841.265,1136.978,67.200,hei
PR_1147,521552.352,4402797.505,1136.542,73.200,hei
PR_1148,520283.034,4403633.833,1171.442,77.900,hei
PR_1150,520705.096,4403285.870,1162.528,70.100,hei
PR_1151,520654.126,4403337.400,1165.228,66.200,hei
PR_1152,520600.036,4403380.960,1166.852,64.700,hei
PR_1153,520517.175,4403424.661,1166.194,65.100,hei
PR_1154,520468.395,4403463.241,1166.422,68.200,hei
PR_1155,520414.184,4403501.452,1165.528,67.700,hei
PR_1156,520336.524,4403553.612,1164.894,66.000,hei
PR_1157,520197.423,4403664.773,1172.301,72.000,hei
PR_1158,520147.743,4403704.273,1169.439,67.800,hei
PR_1159,521122.980,4403058.767,1141.180,65.200,hei
PR_1160,520807.177,4403303.100,1154.266,72.300,hei
PR_1161,520872.608,4403263.169,1152.214,76.100,hei
PR_1162,520938.408,4403196.219,1148.508,71.200,hei
PR_1163,521005.339,4403145.918,1145.670,69.300,hei
PR_1164,521069.699,4403098.358,1148.426,65.900,hei
PR_1165,521181.820,4403017.887,1146.917,66.900,hei
PR_1167,521459.882,4402796.015,1134.543,73.000,hei
PR_1168,520575.936,4403247.219,1159.480,64.100,hei
PR_1169,520481.565,4403317.970,1159.695,69.100,hei
PR_1170,520344.694,4403458.971,1162.763,65.200,hei
PR_1171,520293.974,4403497.422,1163.393,66.600,hei
PR_1172,520236.043,4403530.472,1165.230,64.100,hei
PR_1173,520064.042,4403657.703,1163.086,66.200,hei
PR_1174,519996.242,4403784.134,1161.732,62.600,hei
PR_1175,520958.137,4402351.612,1170.833,114.800,hei
PR_1176,519946.771,4403767.844,1158.362,60.100,hei
PR_1177,519882.481,4403797.064,1155.330,63.500,hei
PR_1178,519798.540,4403835.755,1153.808,74.100,hei
PR_1179,520757.257,4403248.749,1161.873,77.100,hei
PR_1180,520818.147,4403196.209,1159.853,77.100,hei
PR_1181,520898.898,4403126.118,1152.428,69.000,hei
PR_1201,521013.739,4403042.707,1146.096,64.900,hei
PR_1202,521126.729,4402942.976,1144.513,68.000,hei
PR_1203,521219.640,4402882.826,1142.937,66.900,hei
PR_1204,521299.160,4402821.355,1136.033,63.900,hei
PR_1205,520584.916,4403184.479,1156.849,65.600,hei
PR_1206,520161.993,4403541.052,1168.098,76.900,hei
PR_1207,520509.415,4403248.290,1157.112,74.100,hei
PR_1208,520143.323,4403523.012,1167.583,72.000,hei
PR_1210,519965.921,4403672.653,1158.316,64.800,hei
PR_1211,520086.862,4403575.763,1165.261,69.600,hei
PR_1212,519786.660,4403831.955,1153.935,70.000,hei
PR_1214,520762.407,4403119.398,1155.517,73.000,hei
PR_1215,520826.137,4403075.488,1151.602,74.200,hei
PR_1216,520901.748,4403020.577,1145.983,71.300,hei
PR_1217,521009.818,4402950.807,1141.828,67.800,hei
PR_1218,521093.219,4402890.776,1141.776,65.100,hei
PR_1219,521341.221,4402710.544,1128.101,68.800,hei
PR_1220,521392.221,4402661.424,1126.235,69.200,hei
PR_1221,521461.271,4402604.203,1127.264,66.500,hei
PR_1222,520541.435,4403111.358,1151.881,69.900,hei
PR_1223,520473.855,4403159.329,1151.328,74.200,hei
PR_1224,520403.914,4403211.509,1152.092,65.700,hei
PR_1226,520941.517,4402334.792,1171.529,97.400,hei
PR_1227,520735.515,4402264.952,1177.597,109.100,hei
PR_1228,520343.014,4403254.480,1153.067,64.500,hei
PR_1229,520255.333,4403312.210,1152.399,67.900,hei
PR_1230,520188.143,4403357.501,1154.878,65.700,hei
PR_1231,519949.811,4403601.463,1156.191,63.900,hei
PR_1232,519887.891,4403654.753,1154.606,62.700,hei
PR_1233,519822.610,4403706.274,1152.764,59.800,hei
PR_1234,519753.790,4403755.274,1151.871,74.100,hei
PR_1235,520743.336,4403009.097,1150.490,75.600,hei
PR_1236,520706.216,4403055.428,1152.743,74.500,hei
PR_1237,520909.048,4402928.237,1140.357,65.900,hei
PR_1238,520886.987,4402944.417,1140.792,68.200,hei
PR_1239,520959.128,4402896.546,1139.907,69.000,hei
PR_1240,521027.529,4402837.726,1139.328,61.600,hei
PR_1241,521293.320,4402631.134,1121.340,63.900,hei
PR_1242,521343.751,4402589.414,1121.586,68.100,hei
PR_1243,521280.360,4402590.094,1118.351,66.200,hei
PR_1244,521259.950,4402613.334,1119.119,57.500,hei
PR_1245,521402.961,4402544.623,1123.629,75.100,hei
PR_1246,520491.685,4403024.448,1146.052,68.400,hei
PR_1247,520439.424,4403068.538,1145.568,64.900,hei
PR_1248,520409.864,4403118.559,1146.993,65.100,hei
PR_1249,520348.404,4403166.519,1147.765,65.100,hei
PR_1250,520266.923,4403229.450,1148.696,68.800,hei
PR_1251,520191.253,4403291.390,1151.252,66.400,hei
PR_1252,520032.651,4403404.751,1153.535,64.300,hei
PR_1253,519980.111,4403456.082,1152.745,64.300,hei
PR_1254,521037.718,4402398.732,1141.832,90.400,hei
PR_1255,521148.389,4402322.612,1143.376,94.500,hei
PR_1256,519920.401,4403503.302,1151.278,61.400,hei
PR_1258,519820.660,4403590.343,1151.294,66.000,hei
PR_1259,519770.480,4403626.893,1150.440,71.000,hei
PR_1262,520454.194,4402987.928,1143.098,74.000,hei
PR_1263,520403.114,4403030.008,1143.029,68.000,hei
PR_1264,520347.024,4403073.588,1143.169,66.800,hei
PR_1265,520281.493,4403121.689,1143.101,66.400,hei
PR_1266,520247.873,4403150.249,1143.520,67.500,hei
PR_1267,520188.382,4403196.110,1145.853,70.000,hei
PR_1268,520139.822,4403239.980,1148.705,72.400,hei
PR_1269,520088.202,4403281.610,1149.371,69.600,hei
PR_1270,520023.971,4403330.161,1149.283,66.400,hei
PR_1271,519969.511,4403374.341,1148.571,68.400,hei
PR_1272,519910.051,4403417.452,1146.937,71.300,hei
PR_1273,519846.290,4403474.722,1147.723,65.900,hei
PR_1274,519789.190,4403515.952,1147.737,63.300,hei
PR_1275,519733.339,4403564.333,1148.353,63.600,hei
PR_1276,519678.289,4403608.043,1148.769,68.100,hei
PR_1277,520560.555,4402992.868,1146.869,74.300,hei
PR_1278,520616.815,4402944.697,1146.021,74.000,hei
PR_1279,520671.436,4402902.157,1143.070,74.400,hei
PR_1280,520811.507,4402782.326,1132.713,69.200,hei
PR_1281,520883.367,4402744.935,1132.691,66.000,hei
PR_1283,520945.048,4402696.915,1132.813,68.300,hei
PR_1284,521029.998,4402627.554,1131.724,68.000,hei
PR_1301,520242.263,4403053.438,1138.784,71.600,hei
PR_1302,520291.003,4403017.678,1138.496,68.000,hei
PR_1303,520366.594,4402953.647,1139.061,69.300,hei
PR_1304,519779.079,4403422.002,1141.808,66.700,hei
PR_1305,519703.419,4403478.462,1143.623,64.800,hei
PR_1306,519639.179,4403537.313,1145.195,65.000,hei
PR_1307,519580.198,4403584.133,1147.670,73.900,hei
PR_1308,520516.645,4402939.517,1143.076,73.000,hei
PR_1309,520576.535,4402891.607,1143.208,74.500,hei
PR_1310,520640.835,4402838.786,1138.770,71.800,hei
PR_13100,520650.405,4402512.694,1121.399,72.100,hei
PR_13101,520748.206,4402439.123,1121.590,72.500,hei
PR_13102,520857.187,4402333.512,1112.423,64.750,hei
PR_13103,520922.987,4402284.042,1109.563,65.000,hei
PR_13104,520990.807,4402230.991,1110.058,70.300,hei
PR_13105,521063.498,4402176.541,1111.298,75.800,hei
PR_13106,521093.108,4402167.061,1111.690,76.600,hei
PR_13107,520195.252,4402660.295,1128.368,78.800,hei
PR_13108,520157.432,4402688.346,1128.418,77.500,hei
PR_13109,520117.471,4402721.376,1128.332,65.200,hei
PR_1311,520714.206,4402769.106,1132.394,70.000,hei
PR_13110,520021.431,4402785.487,1129.197,75.200,hei
PR_13111,519965.190,4402834.487,1130.225,74.000,hei
PR_13112,519926.960,4402876.287,1131.936,71.100,hei
PR_13113,519884.520,4402914.758,1133.533,72.500,hei
PR_13114,519783.349,4402982.658,1132.986,72.200,hei
PR_13115,519727.179,4403029.859,1132.078,70.300,hei
PR_13116,519669.868,4403078.719,1132.016,69.300,hei
PR_13117,519620.188,4403116.580,1132.644,71.900,hei
PR_13118,519573.458,4403156.960,1133.089,69.900,hei
PR_13119,519526.437,4403194.170,1133.363,72.400,hei
PR_1312,520776.266,4402720.565,1130.717,69.400,hei
PR_13120,519475.667,4403233.651,1134.249,76.000,hei
PR_13121,519411.077,4403285.541,1136.456,79.400,hei
PR_13122,519357.376,4403275.121,1137.313,85.700,hei
PR_1313,520847.897,4402662.535,1130.786,69.700,hei
PR_1314,520894.167,4402626.264,1130.063,61.600,hei
PR_1315,521089.649,4402457.843,1114.530,66.000,hei
PR_1316,521144.179,4402410.952,1113.536,73.100,hei
PR_1317,521218.359,4402349.382,1114.398,64.300,hei
PR_1318,520331.033,4402867.157,1134.871,76.400,hei
PR_1319,520265.773,4402927.537,1135.420,76.800,hei
PR_1320,520192.852,4402981.228,1135.317,69.200,hei
PR_1321,520131.602,4403032.678,1137.385,54.800,hei
PR_1322,520079.231,4403085.589,1139.667,66.500,hei
PR_1324,521094.928,4402339.152,1113.351,64.100,hei
PR_1325,520008.741,4403125.809,1139.464,64.800,hei
PR_1326,519947.881,4403168.100,1139.778,65.400,hei
PR_1327,519890.290,4403219.020,1138.921,66.500,hei
PR_1328,519830.240,4403269.981,1137.438,66.700,hei
PR_1329,519767.619,4403332.271,1137.383,66.000,hei
PR_1330,519718.559,4403378.641,1138.108,67.000,hei
PR_1331,519634.628,4403444.562,1140.643,66.800,hei
PR_1332,519527.778,4403518.843,1143.222,72.300,hei
PR_1333,520519.564,4402821.696,1137.104,72.900,hei
PR_1334,520570.885,4402772.296,1135.710,71.800,hei
PR_1335,520640.605,4402713.145,1131.116,70.700,hei
PR_1336,520686.986,4402666.325,1129.924,71.400,hei
PR_1337,520446.514,4402857.337,1136.514,72.300,hei
PR_1338,520854.337,4402568.234,1127.957,69.000,hei
PR_1339,520923.217,4402508.853,1121.429,66.300,hei
PR_1340,520994.068,4402444.923,1115.253,63.200,hei
PR_1341,520770.916,4402609.214,1129.736,71.900,hei
PR_1342,521195.199,4402288.391,1112.790,66.500,hei
PR_1343,521136.229,4402344.512,1112.866,63.400,hei
PR_1344,520729.036,4402544.364,1126.502,72.800,hei
PR_1345,521126.298,4402239.261,1112.073,68.300,hei
PR_1346,520259.773,4402842.557,1134.088,75.700,hei
PR_1347,520211.642,4402876.217,1134.458,72.400,hei
PR_1348,520169.952,4402910.917,1134.699,71.200,hei
PR_1349,520123.622,4402950.038,1134.827,71.600,hei
PR_1350,520064.761,4402985.028,1136.750,68.100,hei
PR_1351,520009.991,4403027.588,1138.098,65.600,hei
PR_1352,519965.171,4403068.919,1139.245,65.800,hei
PR_1353,519916.670,4403103.609,1139.858,66.800,hei
PR_1354,519864.640,4403143.140,1139.233,67.700,hei
PR_1355,519814.600,4403181.390,1137.515,65.400,hei
PR_1356,519780.399,4403212.800,1137.003,64.900,hei
PR_1357,519727.039,4403256.551,1136.627,67.700,hei
PR_1358,519675.249,4403300.361,1137.108,70.400,hei
PR_1359,519635.498,4403336.251,1138.085,73.400,hei
PR_1360,519589.788,4403368.492,1139.198,73.200,hei
PR_1361,519548.368,4403411.742,1140.265,73.600,hei
PR_1362,519500.487,4403448.702,1141.241,72.500,hei
PR_1363,520416.404,4402770.626,1137.880,79.800,hei
PR_1364,520472.194,4402737.086,1132.020,77.600,hei
PR_1365,520539.184,4402713.135,1131.320,76.000,hei
PR_1366,520540.665,4402672.595,1128.360,75.200,hei
PR_1367,520632.645,4402621.635,1127.040,75.300,hei
PR_1368,520769.246,4402536.474,1127.220,78.200,hei
PR_1369,521074.408,4402291.682,1112.980,70.400,hei
PR_1370,521024.968,4402334.602,1113.380,70.900,hei
PR_1371,520989.188,4402372.642,1113.607,66.800,hei
PR_1372,520585.154,4401809.109,1152.728,117.300,hei
PR_1373,520952.227,4402408.043,1114.423,67.600,hei
PR_1374,520913.437,4402438.783,1116.867,68.300,hei
PR_1375,520469.294,4402386.053,1126.809,120.000,hei
PR_1376,519561.567,4402823.907,1155.191,120.000,hei
PR_1377,519667.958,4402745.817,1154.513,121.200,hei
PR_1378,519458.827,4403383.752,1139.260,82.800,hei
PR_1379,519516.627,4403333.321,1136.247,79.500,hei
PR_1382,520204.262,4402627.835,1127.436,81.500,hei
PR_1383,520229.362,4402673.106,1128.893,80.300,hei
PR_1384,520261.472,4402724.386,1130.429,79.300,hei
PR_1385,520193.602,4402776.996,1131.404,77.200,hei
PR_1386,520129.271,4402822.727,1131.842,75.900,hei
PR_1387,520054.981,4402888.787,1132.759,76.000,hei
PR_1388,519977.491,4402951.798,1135.014,71.400,hei
PR_1389,519931.440,4402984.908,1135.268,70.600,hei
PR_1390,519871.630,4403033.049,1136.239,71.300,hei
PR_1391,519821.059,4403066.879,1136.044,70.600,hei
PR_1392,519705.029,4403166.250,1133.296,68.100,hei
PR_1393,519637.148,4403174.620,1132.912,69.200,hei
PR_1394,519590.358,4403211.440,1133.506,71.500,hei
PR_1395,520346.883,4402735.296,1131.055,83.900,hei
PR_1396,520408.943,4402691.295,1131.390,81.600,hei
PR_1397,520463.254,4402659.785,1129.730,72.200,hei
PR_1398,520535.404,4402604.725,1124.882,74.100,hei
PR_1399,520594.675,4402555.484,1122.554,73.600,hei
PR_1407,520147.771,4402581.955,1126.330,82.400,hei
PR_1410,520671.595,4401999.020,1115.590,89.300,hei
PR_1411,520549.564,4402106.821,1114.011,77.200,hei
PR_1413,519938.400,4402757.847,1128.589,73.100,hei
PR_1414,519899.860,4402792.267,1130.421,71.800,hei
PR_1415,519792.849,4402872.388,1131.301,69.200,hei
PR_1416,519738.079,4402900.148,1130.463,69.300,hei
PR_1417,519683.458,4402944.908,1129.497,67.300,hei
PR_1418,520936.127,4402152.631,1107.750,64.700,hei
PR_1419,520933.917,4402076.210,1107.004,71.300,hei
PR_1420,520884.916,4402115.210,1106.436,49.600,hei
PR_1421,520827.916,4402161.211,1106.213,67.400,hei
PR_1422,520754.916,4402181.211,1106.322,61.900,hei
PR_1423,520711.145,4402229.242,1110.115,77.800,hei
PR_1424,519322.496,4403246.421,1126.417,62.600,hei
PR_1425,520230.982,4402602.475,1127.530,78.400,hei
PR_1426,520307.293,4402565.855,1127.957,80.600,hei
PR_1427,520365.843,4402524.734,1125.047,77.800,hei
PR_1428,520425.913,4402479.214,1121.822,73.600,hei
PR_1429,520471.914,4402441.213,1120.476,71.700,hei
PR_1430,520519.914,4402395.213,1119.288,71.400,hei
PR_1431,520077.831,4402529.605,1126.023,82.700,hei
PR_1432,520033.780,4402564.225,1125.839,77.700,hei
PR_1433,519993.780,4402593.685,1125.316,69.200,hei
PR_1434,519946.380,4402634.636,1125.309,76.600,hei
PR_1435,519897.360,4402673.006,1126.300,76.400,hei
PR_1436,519847.009,4402717.016,1127.305,75.600,hei
PR_1437,519801.699,4402752.757,1126.700,73.800,hei
PR_1438,519757.479,4402791.677,1128.069,75.700,hei
PR_1439,519714.618,4402825.407,1128.484,75.300,hei
PR_1440,519674.538,4402859.038,1128.505,76.600,hei
PR_1441,519627.048,4402892.278,1127.668,76.300,hei
PR_1442,519579.867,4402930.948,1127.859,74.400,hei
PR_1443,519527.697,4402976.879,1129.130,78.300,hei
PR_1444,519484.747,4403011.909,1129.025,80.100,hei
PR_1445,519441.026,4403054.289,1125.885,76.000,hei
PR_1446,519375.366,4403108.670,1124.744,57.300,hei
PR_1447,519359.116,4403119.850,1124.505,76.500,hei
PR_1448,519278.515,4403189.701,1124.482,77.600,hei
PR_1449,520207.982,4402550.825,1126.398,81.100,hei
PR_1450,520256.342,4402509.344,1125.370,86.300,hei
PR_1451,520299.722,4402470.294,1122.485,87.800,hei
PR_1452,520356.013,4402416.163,1118.513,86.000,hei
PR_1453,520402.263,4402379.023,1117.993,77.800,hei
PR_1454,520444.813,4402341.593,1117.803,76.400,hei
PR_1455,520479.934,4402316.033,1117.377,76.900,hei
PR_1456,520530.504,4402286.222,1116.703,76.400,hei
PR_1457,520580.894,4402253.052,1116.867,75.300,hei
PR_1458,520618.204,4402218.802,1114.407,75.400,hei
PR_1459,520662.885,4402177.511,1109.075,73.400,hei
PR_1460,520704.085,4402141.641,1105.879,70.600,hei
PR_1461,520733.355,4402110.771,1105.690,69.900,hei
PR_1462,520868.946,4401689.577,1129.998,120.000,hei
PR_1463,520897.286,4401729.988,1130.826,120.000,hei
PR_1464,520775.596,4402072.370,1106.124,120.000,hei
PR_1465,520821.046,4402049.330,1106.126,120.000,hei
PR_1466,520878.016,4402023.010,1106.623,120.000,hei
PR_1467,520835.956,4401981.590,1105.287,120.000,hei
PR_1468,520887.596,4401948.179,1105.198,76.400,hei
PR_1470,520035.850,4402397.384,1123.728,89.600,hei
PR_1471,519980.180,4402434.934,1123.393,88.000,hei
PR_1472,519914.699,4402463.814,1123.395,84.300,hei
PR_1473,519853.739,4402505.415,1124.180,84.000,hei
PR_1474,519791.399,4402547.835,1124.845,82.200,hei
PR_1475,519733.298,4402581.065,1125.302,80.400,hei
PR_1476,519682.958,4402618.186,1125.508,78.900,hei
PR_1477,519234.255,4403107.780,1123.972,78.400,hei
PR_1478,519525.147,4402774.047,1127.457,77.500,hei
PR_1479,519628.127,4402670.456,1124.162,75.600,hei
PR_1480,519590.697,4402708.537,1125.324,74.900,hei
PR_1481,519460.326,4402805.737,1127.439,78.300,hei
PR_1482,519406.376,4402846.868,1126.223,75.300,hei
PR_1483,519309.015,4402922.419,1121.388,71.200,hei
PR_1484,519271.285,4402968.889,1120.925,73.400,hei
PR_1485,519367.526,4402891.878,1123.396,73.000,hei
PR_1486,519198.975,4403027.589,1121.673,80.000,hei
PR_1487,519167.114,4403044.240,1122.187,83.200,hei
PR_1488,519993.190,4402360.853,1123.817,93.200,hei
PR_1489,519946.789,4402260.393,1119.242,90.400,hei
PR_1490,520058.050,4402423.134,1124.210,87.700,hei
PR_1491,520116.251,4402377.713,1122.284,88.800,hei
PR_1492,520168.971,4402323.093,1117.734,83.600,hei
PR_1493,520225.352,4402279.793,1115.331,75.400,hei
PR_1494,520293.542,4402234.012,1113.949,72.300,hei
PR_1495,520375.463,4402165.781,1114.472,76.200,hei
PR_1496,520420.353,4402125.681,1113.331,77.200,hei
PR_1497,520474.983,4402091.061,1109.990,73.500,hei
PR_1502,520588.634,4401993.630,1104.193,72.500,hei
PR_1503,520650.194,4401956.960,1103.372,76.100,hei
PR_1504,520701.275,4401925.359,1102.913,75.000,hei
PR_1505,520738.555,4401904.139,1102.673,76.000,hei
PR_1506,520782.015,4401857.279,1102.441,77.000,hei
PR_1507,519879.569,4402335.613,1121.579,93.000,hei
PR_1508,519831.219,4402369.714,1121.693,90.000,hei
PR_1509,519758.968,4402404.424,1121.503,88.000,hei
PR_1510,519691.118,4402452.045,1122.981,83.500,hei
PR_15100,519157.934,4402597.546,1112.178,69.000,hei
PR_15101,519113.293,4402636.287,1112.529,70.000,hei
PR_15102,519058.493,4402676.347,1112.930,71.000,hei
PR_15103,518979.972,4402714.717,1113.607,74.000,hei
PR_15104,518926.352,4402757.578,1113.387,78.000,hei
PR_15105,519854.669,4402135.182,1104.792,76.000,hei
PR_15106,519926.789,4402095.262,1105.451,76.000,hei
PR_15107,519977.199,4402056.441,1106.177,77.000,hei
PR_15108,520034.750,4402014.431,1104.348,76.000,hei
PR_15109,520089.630,4401966.960,1101.447,75.000,hei
PR_1511,519647.577,4402499.125,1123.747,78.000,hei
PR_15110,520148.660,4401922.560,1099.370,72.000,hei
PR_15111,520205.121,4401876.000,1098.016,71.000,hei
PR_1512,519600.347,4402542.585,1124.212,78.000,hei
PR_1513,519118.174,4402947.109,1118.442,78.000,hei
PR_1514,519173.524,4402898.109,1117.360,74.000,hei
PR_1515,519216.384,4402853.408,1118.003,76.300,hei
PR_1516,519270.645,4402810.058,1119.655,73.000,hei
PR_1517,519320.695,4402770.627,1121.912,73.400,hei
PR_1518,519366.335,4402736.077,1123.555,76.400,hei
PR_1519,520760.285,4401792.508,1101.655,80.000,hei
PR_1520,520680.535,4401818.438,1100.723,77.000,hei
PR_1521,520624.474,4401862.809,1101.416,77.000,hei
PR_1522,519513.486,4402548.405,1122.728,82.000,hei
PR_1523,519470.926,4402593.426,1121.900,79.000,hei
PR_1524,519429.716,4402635.076,1122.473,78.000,hei
PR_1525,520573.464,4401897.069,1101.644,78.000,hei
PR_1526,520528.233,4401934.550,1102.453,76.000,hei
PR_1527,520481.383,4401964.150,1103.191,75.000,hei
PR_1528,520432.853,4401999.550,1105.123,74.000,hei
PR_1529,520375.802,4402036.111,1108.052,75.000,hei
PR_1530,520299.552,4402040.561,1108.387,75.000,hei
PR_1531,520250.961,4402089.111,1110.667,77.000,hei
PR_1532,520196.131,4402136.001,1111.864,77.000,hei
PR_1533,520143.731,4402175.892,1112.616,75.000,hei
PR_1534,520087.880,4402221.902,1114.000,78.000,hei
PR_1535,520028.700,4402276.843,1112.784,80.000,hei
PR_1536,519967.020,4402287.233,1111.386,82.000,hei
PR_1537,519889.129,4402217.162,1109.688,78.000,hei
PR_1538,519835.079,4402256.503,1109.611,82.000,hei
PR_1539,519765.378,4402310.373,1109.423,80.000,hei
PR_1540,519709.658,4402346.764,1110.566,81.000,hei
PR_1541,519655.097,4402391.804,1110.250,77.000,hei
PR_1542,519590.217,4402440.035,1110.298,70.000,hei
PR_1543,519532.956,4402492.405,1110.199,66.000,hei
PR_1544,519371.715,4402592.646,1111.622,69.000,hei
PR_1545,519309.295,4402639.846,1112.740,67.000,hei
PR_1546,519261.885,4402691.707,1112.382,67.000,hei
PR_1547,519215.974,4402735.037,1113.307,70.000,hei
PR_1548,519165.834,4402779.668,1115.023,72.000,hei
PR_1549,519115.214,4402826.948,1115.001,75.000,hei
PR_1550,519057.463,4402890.039,1116.077,80.000,hei
PR_1551,519442.866,4402523.095,1110.429,69.000,hei
PR_1552,520337.802,4401984.110,1104.324,73.800,hei
PR_1553,520387.582,4401940.420,1103.358,77.000,hei
PR_1554,520430.153,4401902.499,1101.801,76.000,hei
PR_1555,520481.033,4401863.879,1100.600,77.000,hei
PR_1556,520521.313,4401818.879,1099.713,77.000,hei
PR_1557,520630.694,4401736.108,1097.769,77.000,hei
PR_1558,520691.134,4401696.448,1098.472,79.000,hei
PR_1559,519835.138,4402151.312,1109.391,79.000,hei
PR_1560,519783.878,4402187.422,1108.924,80.000,hei
PR_1561,519733.498,4402228.803,1108.200,81.300,hei
PR_1562,519683.167,4402270.173,1108.077,83.000,hei
PR_1563,519637.187,4402313.744,1108.740,82.000,hei
PR_1564,519591.377,4402353.304,1109.171,82.000,hei
PR_1565,519545.827,4402395.354,1110.091,74.000,hei
PR_1566,519491.956,4402433.395,1110.420,74.400,hei
PR_1567,519437.506,4402469.995,1110.272,71.000,hei
PR_1568,519390.185,4402509.625,1110.291,68.000,hei
PR_1569,519344.255,4402554.096,1111.113,67.000,hei
PR_1570,519299.595,4402593.026,1111.056,66.000,hei
PR_1571,519246.584,4402630.876,1112.446,67.000,hei
PR_1572,519194.824,4402670.417,1112.961,69.000,hei
PR_1573,519139.644,4402707.387,1114.016,72.000,hei
PR_1574,519093.543,4402753.448,1113.830,73.000,hei
PR_1575,519018.533,4402804.668,1113.891,76.000,hei
PR_1576,519900.939,4402203.362,1109.616,78.000,hei
PR_1577,519950.079,4402164.042,1110.103,77.000,hei
PR_1578,520008.570,4402128.482,1110.688,78.000,hei
PR_1579,520057.270,4402090.731,1109.725,75.000,hei
PR_1580,520107.670,4402050.911,1107.468,76.000,hei
PR_1581,520284.462,4401918.770,1100.605,72.000,hei
PR_1582,520341.772,4401873.739,1099.323,73.000,hei
PR_1583,520385.242,4401825.159,1098.395,73.000,hei
PR_1584,520436.333,4401793.889,1098.657,74.000,hei
PR_1585,520487.943,4401754.738,1098.733,75.000,hei
PR_1586,520529.163,4401704.778,1097.363,76.000,hei
PR_1587,520616.304,4401660.147,1097.571,80.000,hei
PR_1588,519785.188,4402106.922,1101.755,71.000,hei
PR_1589,519726.898,4402143.612,1104.129,78.000,hei
PR_1590,519673.307,4402177.612,1107.141,83.000,hei
PR_1591,519623.807,4402219.143,1106.954,84.000,hei
PR_1592,519570.507,4402262.703,1107.644,86.000,hei
PR_1593,519521.066,4402308.454,1108.016,83.000,hei
PR_1594,519471.616,4402351.754,1108.861,77.000,hei
PR_1595,519415.355,4402388.904,1109.511,73.000,hei
PR_1596,519362.215,4402428.505,1109.591,69.000,hei
PR_1597,519311.325,4402470.575,1109.904,66.000,hei
PR_1598,519256.724,4402514.126,1110.514,66.000,hei
PR_1599,519203.944,4402554.826,1111.608,68.000,hei
PR_1603,520425.732,4401712.638,1096.791,75.000,hei
PR_1604,520504.363,4401649.087,1097.278,80.000,hei
PR_1606,519648.817,4402077.712,1107.045,81.000,hei
PR_1607,519578.596,4402130.172,1106.195,81.000,hei
PR_1608,519504.016,4402189.223,1106.124,82.300,hei
PR_1609,519438.785,4402251.123,1106.990,82.000,hei
PR_1610,519366.305,4402301.744,1107.492,74.000,hei
PR_1611,519298.994,4402358.334,1107.945,68.000,hei
PR_1612,519237.324,4402409.855,1107.783,67.000,hei
PR_1613,519173.144,4402462.185,1108.697,66.000,hei
PR_1614,519107.333,4402516.786,1108.832,66.000,hei
PR_1615,519032.323,4402574.596,1109.203,69.000,hei
PR_1616,518981.952,4402624.707,1110.555,71.000,hei
PR_1617,518900.552,4402678.787,1112.456,79.000,hei
PR_1618,519818.768,4402074.121,1101.887,200.000,hei
PR_1619,519887.029,4402015.431,1102.739,200.000,hei
PR_1620,519953.499,4401955.660,1100.438,200.000,hei
PR_1621,520015.720,4401904.400,1098.903,200.000,hei
PR_1622,520092.710,4401839.469,1097.376,200.000,hei
PR_1623,520165.220,4401786.739,1096.601,200.000,hei
PR_1624,520234.791,4401730.638,1095.465,200.000,hei
PR_1625,520302.201,4401672.798,1094.093,200.000,hei
PR_1626,520375.042,4401616.397,1093.465,200.000,hei
PR_1627,520435.492,4401554.707,1093.762,200.000,hei
PR_1628,520506.653,4401505.466,1094.994,200.000,hei
PR_1629,521733.924,4402746.664,1128.545,200.000,hei
PR_1630,521793.514,4402816.715,1130.174,200.000,hei
PR_1631,521666.913,4402672.304,1125.919,200.000,hei
PR_1632,521853.965,4402886.435,1128.167,200.000,hei
PR_1633,521910.015,4402966.516,1131.950,200.000,hei
PR_1634,521599.803,4402607.683,1123.443,200.000,hei
PR_1635,521534.562,4402543.723,1119.691,200.000,hei
PR_1636,521467.411,4402455.122,1118.252,200.000,hei
PR_1637,521392.271,4402375.772,1114.053,200.000,hei
PR_1638,521326.610,4402292.261,1112.074,200.000,hei
PR_1639,521257.119,4402210.811,1110.596,200.000,hei
PR_1640,521184.669,4402125.560,1106.433,200.000,hei
PR_1641,521116.958,4402054.400,1109.055,200.000,hei
PR_1642,521049.248,4401983.249,1106.773,200.000,hei
PR_1643,520985.407,4401906.279,1105.602,200.000,hei
PR_1644,520921.376,4401829.468,1104.736,200.000,hei
PR_1645,522046.097,4403110.097,1135.834,200.000,hei
PR_1646,519615.016,4401916.161,1105.022,200.000,hei
PR_1647,519557.566,4401959.291,1105.182,200.000,hei
PR_1648,519494.416,4402015.861,1106.085,200.000,hei
PR_1649,519419.695,4402068.432,1105.484,200.000,hei
PR_1650,519355.155,4402115.712,1107.784,200.000,hei
PR_1651,519298.984,4402163.883,1108.732,200.000,hei
PR_1652,519232.194,4402215.083,1108.375,200.000,hei
PR_1653,519175.203,4402259.684,1108.798,200.000,hei
PR_1654,519103.353,4402308.454,1108.109,200.000,hei
PR_1655,519034.343,4402368.505,1108.555,200.000,hei
PR_1656,518972.902,4402430.315,1109.036,200.000,hei
PR_1657,518910.012,4402481.516,1110.078,200.000,hei
PR_1658,518844.001,4402537.146,1111.810,200.000,hei
PR_1659,519721.717,4401903.830,1099.892,200.000,hei
PR_1660,519796.718,4401849.830,1099.975,200.000,hei
PR_1661,519859.478,4401796.949,1099.506,200.000,hei
PR_1662,519932.829,4401744.009,1098.406,200.000,hei
PR_1663,519997.119,4401680.528,1095.430,200.000,hei
PR_1664,520094.900,4401621.368,1093.724,200.000,hei
PR_8100,521220.701,4404009.604,1175.723,64.600,hei
PR_8101,521325.892,4403925.754,1171.592,67.200,hei
PR_8102,520809.009,4404442.618,1152.723,23.200,hei
PR_8103,521608.794,4403890.023,1139.734,37.400,hei
PR_8104,521643.324,4403864.923,1139.030,37.900,hei
PR_8105,521692.215,4403829.822,1138.029,39.600,hei
PR_8106,520717.348,4404520.129,1151.771,24.600,hei
PR_8107,520675.718,4404563.439,1150.775,26.800,hei
PR_8108,520629.478,4404608.790,1151.348,25.300,hei
PR_8109,521735.795,4403794.312,1137.845,39.900,hei
PR_8110,521790.866,4403754.882,1137.308,35.500,hei
PR_8111,521841.586,4403711.761,1137.140,51.700,hei
PR_860,520529.197,4404336.218,1199.304,84.000,hei
PR_861,522169.738,4403659.741,1110.210,27.200,hei
PR_862,522306.039,4403535.759,1107.520,49.300,hei
PR_863,522210.889,4403609.000,1109.810,27.500,hei
PR_864,520575.747,4404297.967,1199.947,90.300,hei
PR_865,521221.202,4404225.476,1156.139,43.300,hei
PR_866,521174.271,4404270.426,1156.366,42.600,hei
PR_867,521131.271,4404285.637,1157.724,43.100,hei
PR_868,521090.391,4404318.677,1158.480,49.000,hei
PR_869,521054.891,4404353.777,1159.230,49.300,hei
PR_870,521351.093,4404120.665,1143.951,22.300,hei
PR_871,520632.128,4404672.970,1176.890,48.600,hei
PR_872,520585.137,4404711.520,1177.210,45.200,hei
PR_873,520542.407,4404745.111,1166.360,33.100,hei
PR_874,520555.687,4404239.917,1201.117,89.600,hei
PR_875,521264.962,4404158.925,1131.125,18.300,hei
PR_877,521601.704,4404044.114,1152.725,46.300,hei
PR_878,521686.955,4403961.223,1145.735,41.700,hei
PR_879,521726.445,4403913.913,1138.286,38.100,hei
PR_880,521787.346,4403868.063,1139.638,42.000,hei
PR_881,521487.234,4404109.335,1125.043,14.200,hei
PR_882,521618.834,4403975.384,1131.785,30.300,hei
PR_883,521991.037,4403693.091,1139.737,52.800,hei
PR_884,522035.977,4403656.861,1142.004,55.400,hei
PR_885,521746.725,4403876.613,1132.560,33.100,hei
PR_886,521827.766,4403823.652,1129.010,33.300,hei
PR_887,522104.418,4403604.380,1130.151,44.600,hei
PR_888,521948.607,4403715.901,1115.870,24.000,hei
PR_889,521256.982,4404036.685,1153.753,39.300,hei
PR_890,521013.540,4404152.226,1172.836,59.900,hei
PR_891,521268.132,4403980.574,1178.235,68.000,hei
PR_892,520963.860,4404189.436,1180.643,65.900,hei
PR_893,521133.641,4404160.166,1172.836,36.500,hei
PR_894,521077.191,4404209.726,1154.823,39.500,hei
PR_896,521038.980,4404220.386,1142.831,28.900,hei
PR_897,520985.640,4404262.207,1141.623,26.500,hei
PR_898,520950.830,4404306.107,1139.138,29.200,hei
PR_899,521000.050,4404311.497,1138.152,27.200,hei
PR_901,521929.836,4403647.201,1129.043,42.500,hei
PR_902,522076.887,4403515.010,1117.201,35.500,hei
PR_903,522159.528,4403457.349,1113.994,36.500,hei
PR_904,521884.296,4403598.550,1154.961,68.000,hei
PR_905,521948.187,4403544.110,1152.435,68.000,hei
PR_906,520671.848,4404404.588,1189.650,76.600,hei
PR_908,520477.906,4404407.548,1192.000,72.200,hei
PR_9100,521489.873,4403723.262,1136.470,34.900,hei
PR_9101,521544.613,4403640.691,1133.191,33.100,hei
PR_9102,521597.664,4403605.401,1131.440,33.700,hei
PR_9103,520811.868,4404019.905,1162.023,49.600,hei
PR_9104,520681.287,4404129.166,1165.207,51.300,hei
PR_9105,521030.410,4403860.954,1143.741,34.400,hei
PR_9106,521068.410,4403812.913,1144.656,33.600,hei
PR_9107,520901.699,4403864.664,1177.231,67.900,hei
PR_9108,520937.178,4403406.760,1192.704,90.700,hei
PR_9109,520849.378,4403900.124,1177.486,65.500,hei
PR_911,520555.717,4404514.989,1192.876,71.000,hei
PR_9110,520800.378,4403934.254,1176.624,63.000,hei
PR_9112,520801.488,4404267.997,1183.840,74.000,hei
PR_9113,520270.554,4404292.398,1184.756,74.500,hei
PR_9114,520243.594,4404319.158,1185.060,76.800,hei
PR_912,520508.577,4404542.889,1192.540,71.300,hei
PR_914,520960.370,4404184.866,1160.088,56.300,hei
PR_915,520927.759,4404250.527,1161.907,46.700,hei
PR_916,520889.419,4404296.737,1162.675,35.500,hei
PR_917,520784.218,4404248.347,1186.326,60.900,hei
PR_918,520740.718,4404278.267,1186.687,71.200,hei
PR_919,520689.658,4404314.667,1187.042,71.500,hei
PR_921,521180.531,4404045.635,1131.032,20.600,hei
PR_922,520727.078,4404312.667,1194.031,69.700,hei
PR_924,520404.596,4404563.120,1194.086,69.100,hei
PR_925,520357.416,4404587.320,1193.089,70.700,hei
PR_927,520543.657,4404457.149,1190.053,70.000,hei
PR_928,520569.167,4404385.618,1188.212,71.200,hei
PR_929,520535.917,4404412.198,1188.710,72.200,hei
PR_931,520504.256,4404436.149,1189.850,71.200,hei
PR_932,520601.217,4404358.998,1186.984,71.500,hei
PR_933,520462.306,4404416.068,1189.400,71.500,hei
PR_934,520499.126,4404389.448,1188.040,70.000,hei
PR_935,520527.416,4404362.208,1187.175,70.400,hei
PR_936,520557.267,4404322.528,1185.764,71.000,hei
PR_938,520635.937,4404254.487,1185.034,74.100,hei
PR_939,520659.147,4404284.037,1185.910,74.100,hei
PR_941,520310.685,4404413.599,1184.760,70.200,hei
PR_942,520372.815,4404365.128,1186.567,68.000,hei
PR_943,520433.366,4404315.908,1186.607,71.500,hei
PR_944,522035.977,4403497.910,1123.192,44.600,hei
PR_945,522128.728,4403379.229,1116.053,47.400,hei
PR_946,521144.021,4403881.044,1173.015,65.100,hei
PR_948,520586.537,4404278.047,1185.209,72.100,hei
PR_949,521177.841,4403930.554,1154.053,43.200,hei
PR_950,521131.891,4403970.534,1154.457,42.900,hei
PR_951,521061.800,4404026.995,1155.508,42.300,hei
PR_953,520819.659,4404230.637,1162.060,47.900,hei
PR_954,520757.388,4404248.627,1163.731,48.100,hei
PR_955,520777.188,4404164.226,1182.980,71.700,hei
PR_956,520976.440,4404075.675,1142.763,30.300,hei
PR_957,520496.336,4404245.837,1185.035,72.500,hei
PR_958,520550.117,4404202.297,1183.963,72.700,hei
PR_959,520601.497,4404172.266,1184.798,73.500,hei
PR_960,520664.607,4404166.706,1185.150,73.900,hei
PR_961,520617.687,4404208.187,1184.960,75.100,hei
PR_962,520564.377,4404250.727,1185.281,66.000,hei
PR_963,521484.543,4403839.473,1145.467,43.000,hei
PR_964,521844.585,4403424.679,1153.280,75.700,hei
PR_965,521529.954,4403780.962,1146.089,45.400,hei
PR_966,521576.864,4403731.492,1145.450,47.300,hei
PR_967,521644.024,4403661.421,1143.100,48.200,hei
PR_968,521727.795,4403594.711,1140.902,51.800,hei
PR_969,521794.265,4403540.570,1137.281,52.700,hei
PR_970,521869.236,4403479.210,1135.591,55.900,hei
PR_971,522436.980,4403431.439,1124.533,51.300,hei
PR_972,521265.061,4403365.369,1122.486,56.000,hei
PR_973,521145.151,4403875.633,1156.150,44.700,hei
PR_974,521076.020,4403929.064,1141.050,41.500,hei
PR_975,521011.690,4403986.404,1158.310,45.700,hei
PR_976,520838.259,4404117.446,1160.037,46.300,hei
PR_977,520787.098,4404147.496,1160.510,46.900,hei
PR_978,520746.288,4404196.836,1160.959,48.200,hei
PR_979,520685.468,4404243.697,1160.749,47.500,hei
PR_980,520628.677,4404288.067,1161.021,51.800,hei
PR_981,520424.856,4404407.318,1162.590,44.800,hei
PR_982,520361.485,4404465.419,1162.070,40.900,hei
PR_983,520439.546,4404248.657,1185.680,66.200,hei
PR_984,520426.816,4404199.697,1184.879,73.800,hei
PR_985,520255.874,4404333.798,1184.520,73.300,hei
PR_986,520438.766,4404269.697,1186.117,73.800,hei
PR_987,520287.495,4404337.928,1184.660,70.700,hei
PR_988,520385.925,4404296.198,1185.781,74.700,hei
PR_989,520425.455,4404200.157,1185.010,72.400,hei
PR_990,520347.565,4404327.398,1184.912,73.500,hei
PR_991,520353.515,4404289.478,1185.627,80.200,hei
PR_992,520218.044,4404393.359,1185.075,61.800,hei
PR_993,521206.841,4403795.543,1171.710,51.700,hei
PR_994,521790.155,4403435.769,1131.571,50.900,hei
PR_995,521885.036,4403383.729,1122.550,49.700,hei
PR_996,521942.616,4403337.708,1118.249,46.500,hei
PR_997,522005.587,4403267.248,1116.017,48.100,hei
PR_998,521255.551,4403762.142,1171.179,62.600,hei
PR_999,521443.453,4403763.522,1137.979,33.400,hei
ZK1,523159.282,4402796.897,1151.000,126.500,hei2019
ZK12,522762.344,4402351.749,1097.500,82.500,hei2019
ZK13,523050.052,4402261.400,1121.870,128.100,hei2019
ZK13-1,522876.223,4402371.479,1095.960,116.000,hei2019
ZK13-2,522818.263,4402383.809,1096.610,87.000,hei2019
ZK14,523006.883,4402333.419,1105.800,111.200,hei2019
ZK15,523081.982,4402326.919,1121.950,124.000,hei2019
ZK16,523159.932,4402287.789,1136.490,147.800,hei2019
ZK18,522853.233,4402226.290,1105.360,115.400,hei2019
ZK18-1,522812.203,4402283.880,1090.990,109.000,hei2019
ZK19,522744.604,4402102.560,1104.970,116.500,hei2019
ZK19-1,522500.545,4402077.621,1095.650,86.600,hei2019
ZK19-3,522597.684,4402025.491,1090.930,100.000,hei2019
ZK2,523123.802,4402741.978,1108.810,83.900,hei2019
ZK20,522852.683,4402047.320,1119.150,132.000,hei2019
ZK21,522452.795,4401916.291,1092.050,99.500,hei2019
ZK22,522696.744,4401927.741,1104.330,113.400,hei2019
ZK23,522763.883,4401941.621,1118.300,131.200,hei2019
ZK24,522557.704,4401778.062,1105.080,122.500,hei2019
ZK25,522296.775,4401586.173,1089.680,114.000,hei2019
ZK26,522233.885,4401619.313,1074.400,92.000,hei2019
ZK27,522101.606,4401187.064,1120.570,155.300,hei2019
ZK27-1,522013.256,4401214.954,1121.500,141.000,hei2019
ZK3,523197.762,4402736.268,1122.040,132.000,hei2019
ZK4,523296.022,4402720.458,1137.000,130.200,hei2019
ZK5,523028.133,4402622.208,1105.260,89.600,hei2019
ZK6,523151.382,4402635.228,1121.070,122.300,hei2019
ZK7,523207.782,4402638.418,1120.700,124.000,hei2019
ZK8,523262.482,4402643.018,1137.090,136.000,hei2019
ZK9,523010.123,4402474.439,1104.800,111.500,hei2019
