dhid,depth,azimth,dip
EX_1013,0.000,0.000,-90.000
EX_1014,0.000,0.000,-90.000
EX_1015,0.000,0.000,-90.000
EX_1016,0.000,0.000,-90.000
EX_1017,0.000,0.000,-90.000
EX_1018,0.000,0.000,-90.000
EX_1019,0.000,0.000,-90.000
EX_1020,0.000,0.000,-90.000
EX_1021,0.000,0.000,-90.000
EX_1022,0.000,0.000,-90.000
EX_1025,0.000,0.000,-90.000
EX_1026,0.000,0.000,-90.000
EX_1030,0.000,0.000,-90.000
EX_1033,0.000,0.000,-90.000
EX_1036,0.000,0.000,-90.000
EX_1041,0.000,0.000,-90.000
EX_1044,0.000,0.000,-90.000
EX_1045,0.000,0.000,-90.000
EX_1048,0.000,0.000,-90.000
EX_1083,0.000,0.000,-90.000
EX_1086,0.000,0.000,-90.000
EX_1087,0.000,0.000,-90.000
EX_1088,0.000,0.000,-90.000
EX_1089,0.000,0.000,-90.000
EX_1090,0.000,0.000,-90.000
EX_1091,0.000,0.000,-90.000
EX_1093,0.000,0.000,-90.000
EX_1094,0.000,0.000,-90.000
EX_1095,0.000,0.000,-90.000
EX_1096,0.000,0.000,-90.000
EX_1097,0.000,0.000,-90.000
EX_1098,0.000,0.000,-90.000
EX_1099,0.000,0.000,-90.000
EX_1100,0.000,0.000,-90.000
EX_1101,0.000,0.000,-90.000
EX_1102,0.000,0.000,-90.000
EX_1103,0.000,0.000,-90.000
EX_1104,0.000,0.000,-90.000
EX_1105,0.000,0.000,-90.000
EX_1106,0.000,0.000,-90.000
EX_111,0.000,0.000,-90.000
EX_1112,0.000,0.000,-90.000
EX_1113,0.000,0.000,-90.000
EX_1114,0.000,0.000,-90.000
EX_1125,0.000,0.000,-90.000
EX_113,0.000,0.000,-90.000
EX_114,0.000,0.000,-90.000
EX_1145,0.000,0.000,-90.000
EX_1146,0.000,0.000,-90.000
EX_1148,0.000,0.000,-90.000
EX_1149,0.000,0.000,-90.000
EX_115,0.000,0.000,-90.000
EX_1150,0.000,0.000,-90.000
EX_1151,0.000,0.000,-90.000
EX_1152,0.000,0.000,-90.000
EX_1155,0.000,0.000,-90.000
EX_1156,0.000,0.000,-90.000
EX_1157,0.000,0.000,-90.000
EX_1158,0.000,0.000,-90.000
EX_1159,0.000,0.000,-90.000
EX_1160,0.000,0.000,-90.000
EX_1161,0.000,0.000,-90.000
EX_1163,0.000,0.000,-90.000
EX_1164,0.000,0.000,-90.000
EX_1165,0.000,0.000,-90.000
EX_1166,0.000,0.000,-90.000
EX_1167,0.000,0.000,-90.000
EX_1168,0.000,0.000,-90.000
EX_1169,0.000,0.000,-90.000
EX_1171,0.000,0.000,-90.000
EX_1172,0.000,0.000,-90.000
EX_1173,0.000,0.000,-90.000
EX_1174,0.000,0.000,-90.000
EX_1175,0.000,0.000,-90.000
EX_1176,0.000,0.000,-90.000
EX_1177,0.000,0.000,-90.000
EX_1178,0.000,0.000,-90.000
EX_1179,0.000,0.000,-90.000
EX_1180,0.000,0.000,-90.000
EX_1184,0.000,0.000,-90.000
EX_120,0.000,0.000,-90.000
EX_121,0.000,0.000,-90.000
EX_129,0.000,0.000,-90.000
EX_130,0.000,0.000,-90.000
EX_131,0.000,0.000,-90.000
EX_132,0.000,0.000,-90.000
EX_133,0.000,0.000,-90.000
EX_134,0.000,0.000,-90.000
EX_135,0.000,0.000,-90.000
EX_137,0.000,0.000,-90.000
EX_138,0.000,0.000,-90.000
EX_139,0.000,0.000,-90.000
EX_14,0.000,0.000,-90.000
EX_140,0.000,0.000,-90.000
EX_141,0.000,0.000,-90.000
EX_142,0.000,0.000,-90.000
EX_143,0.000,0.000,-90.000
EX_164,0.000,0.000,-90.000
EX_165,0.000,0.000,-90.000
EX_166,0.000,0.000,-90.000
EX_167,0.000,0.000,-90.000
EX_168,0.000,0.000,-90.000
EX_17,0.000,0.000,-90.000
EX_176,0.000,0.000,-90.000
EX_177,0.000,0.000,-90.000
EX_178,0.000,0.000,-90.000
EX_180,0.000,0.000,-90.000
EX_181,0.000,0.000,-90.000
EX_182,0.000,0.000,-90.000
EX_183,0.000,0.000,-90.000
EX_184,0.000,0.000,-90.000
EX_185,0.000,0.000,-90.000
EX_186,0.000,0.000,-90.000
EX_187,0.000,0.000,-90.000
EX_188,0.000,0.000,-90.000
EX_189,0.000,0.000,-90.000
EX_190,0.000,0.000,-90.000
EX_191,0.000,0.000,-90.000
EX_192,0.000,0.000,-90.000
EX_193,0.000,0.000,-90.000
EX_194,0.000,0.000,-90.000
EX_20,0.000,0.000,-90.000
EX_202,0.000,0.000,-90.000
EX_203,0.000,0.000,-90.000
EX_204,0.000,0.000,-90.000
EX_205,0.000,0.000,-90.000
EX_206,0.000,0.000,-90.000
EX_207,0.000,0.000,-90.000
EX_208,0.000,0.000,-90.000
EX_209,0.000,0.000,-90.000
EX_21,0.000,0.000,-90.000
EX_210,0.000,0.000,-90.000
EX_211,0.000,0.000,-90.000
EX_212,0.000,0.000,-90.000
EX_23,0.000,0.000,-90.000
EX_24,0.000,0.000,-90.000
EX_25,0.000,0.000,-90.000
EX_253,0.000,0.000,-90.000
EX_254,0.000,0.000,-90.000
EX_255,0.000,0.000,-90.000
EX_257,0.000,0.000,-90.000
EX_258,0.000,0.000,-90.000
EX_259,0.000,0.000,-90.000
EX_260,0.000,0.000,-90.000
EX_261,0.000,0.000,-90.000
EX_262,0.000,0.000,-90.000
EX_264,0.000,0.000,-90.000
EX_265,0.000,0.000,-90.000
EX_266,0.000,0.000,-90.000
EX_267,0.000,0.000,-90.000
EX_268,0.000,0.000,-90.000
EX_270,0.000,0.000,-90.000
EX_271,0.000,0.000,-90.000
EX_272,0.000,0.000,-90.000
EX_273,0.000,0.000,-90.000
EX_274,0.000,0.000,-90.000
EX_275,0.000,0.000,-90.000
EX_276,0.000,0.000,-90.000
EX_277,0.000,0.000,-90.000
EX_279,0.000,0.000,-90.000
EX_28,0.000,0.000,-90.000
EX_280,0.000,0.000,-90.000
EX_281,0.000,0.000,-90.000
EX_282,0.000,0.000,-90.000
EX_283,0.000,0.000,-90.000
EX_284,0.000,0.000,-90.000
EX_289,0.000,0.000,-90.000
EX_290,0.000,0.000,-90.000
EX_292,0.000,0.000,-90.000
EX_296,0.000,0.000,-90.000
EX_297,0.000,0.000,-90.000
EX_298,0.000,0.000,-90.000
EX_301,0.000,0.000,-90.000
EX_302,0.000,0.000,-90.000
EX_303,0.000,0.000,-90.000
EX_304,0.000,0.000,-90.000
EX_305,0.000,0.000,-90.000
EX_306,0.000,0.000,-90.000
EX_307,0.000,0.000,-90.000
EX_308,0.000,0.000,-90.000
EX_31,0.000,0.000,-90.000
EX_311,0.000,0.000,-90.000
EX_312,0.000,0.000,-90.000
EX_313,0.000,0.000,-90.000
EX_315,0.000,0.000,-90.000
EX_318,0.000,0.000,-90.000
EX_319,0.000,0.000,-90.000
EX_320,0.000,0.000,-90.000
EX_321,0.000,0.000,-90.000
EX_322,0.000,0.000,-90.000
EX_323,0.000,0.000,-90.000
EX_324,0.000,0.000,-90.000
EX_325,0.000,0.000,-90.000
EX_327,0.000,0.000,-90.000
EX_330,0.000,0.000,-90.000
EX_331,0.000,0.000,-90.000
EX_332,0.000,0.000,-90.000
EX_333,0.000,0.000,-90.000
EX_334,0.000,0.000,-90.000
EX_335,0.000,0.000,-90.000
EX_336,0.000,0.000,-90.000
EX_338,0.000,0.000,-90.000
EX_339,0.000,0.000,-90.000
EX_340,0.000,0.000,-90.000
EX_341,0.000,0.000,-90.000
EX_342,0.000,0.000,-90.000
EX_343,0.000,0.000,-90.000
EX_344,0.000,0.000,-90.000
EX_345,0.000,0.000,-90.000
EX_346,0.000,0.000,-90.000
EX_347,0.000,0.000,-90.000
EX_348,0.000,0.000,-90.000
EX_352,0.000,0.000,-90.000
EX_353,0.000,0.000,-90.000
EX_354,0.000,0.000,-90.000
EX_355,0.000,0.000,-90.000
EX_356,0.000,0.000,-90.000
EX_357,0.000,0.000,-90.000
EX_358,0.000,0.000,-90.000
EX_359,0.000,0.000,-90.000
EX_360,0.000,0.000,-90.000
EX_361,0.000,0.000,-90.000
EX_362,0.000,0.000,-90.000
EX_363,0.000,0.000,-90.000
EX_364,0.000,0.000,-90.000
EX_367,0.000,0.000,-90.000
EX_368,0.000,0.000,-90.000
EX_369,0.000,0.000,-90.000
EX_370,0.000,0.000,-90.000
EX_371,0.000,0.000,-90.000
EX_372,0.000,0.000,-90.000
EX_373,0.000,0.000,-90.000
EX_374,0.000,0.000,-90.000
EX_375,0.000,0.000,-90.000
EX_376,0.000,0.000,-90.000
EX_377,0.000,0.000,-90.000
EX_378,0.000,0.000,-90.000
EX_379,0.000,0.000,-90.000
EX_380,0.000,0.000,-90.000
EX_381,0.000,0.000,-90.000
EX_382,0.000,0.000,-90.000
EX_383,0.000,0.000,-90.000
EX_386,0.000,0.000,-90.000
EX_387,0.000,0.000,-90.000
EX_388,0.000,0.000,-90.000
EX_389,0.000,0.000,-90.000
EX_390,0.000,0.000,-90.000
EX_391,0.000,0.000,-90.000
EX_392,0.000,0.000,-90.000
EX_393,0.000,0.000,-90.000
EX_394,0.000,0.000,-90.000
EX_395,0.000,0.000,-90.000
EX_396,0.000,0.000,-90.000
EX_397,0.000,0.000,-90.000
EX_398,0.000,0.000,-90.000
EX_400,0.000,0.000,-90.000
EX_401,0.000,0.000,-90.000
EX_402,0.000,0.000,-90.000
EX_403,0.000,0.000,-90.000
EX_404,0.000,0.000,-90.000
EX_405,0.000,0.000,-90.000
EX_406,0.000,0.000,-90.000
EX_407,0.000,0.000,-90.000
EX_408,0.000,0.000,-90.000
EX_410,0.000,0.000,-90.000
EX_411,0.000,0.000,-90.000
EX_412,0.000,0.000,-90.000
EX_413,0.000,0.000,-90.000
EX_414,0.000,0.000,-90.000
EX_415,0.000,0.000,-90.000
EX_416,0.000,0.000,-90.000
EX_417,0.000,0.000,-90.000
EX_418,0.000,0.000,-90.000
EX_419,0.000,0.000,-90.000
EX_420,0.000,0.000,-90.000
EX_421,0.000,0.000,-90.000
EX_422,0.000,0.000,-90.000
EX_423,0.000,0.000,-90.000
EX_424,0.000,0.000,-90.000
EX_425,0.000,0.000,-90.000
EX_426,0.000,0.000,-90.000
EX_427,0.000,0.000,-90.000
EX_428,0.000,0.000,-90.000
EX_429,0.000,0.000,-90.000
EX_430,0.000,0.000,-90.000
EX_431,0.000,0.000,-90.000
EX_432,0.000,0.000,-90.000
EX_434,0.000,0.000,-90.000
EX_435,0.000,0.000,-90.000
EX_436,0.000,0.000,-90.000
EX_437,0.000,0.000,-90.000
EX_438,0.000,0.000,-90.000
EX_439,0.000,0.000,-90.000
EX_440,0.000,0.000,-90.000
EX_441,0.000,0.000,-90.000
EX_442,0.000,0.000,-90.000
EX_443,0.000,0.000,-90.000
EX_444,0.000,0.000,-90.000
EX_445,0.000,0.000,-90.000
EX_446,0.000,0.000,-90.000
EX_447,0.000,0.000,-90.000
EX_448,0.000,0.000,-90.000
EX_449,0.000,0.000,-90.000
EX_450,0.000,0.000,-90.000
EX_451,0.000,0.000,-90.000
EX_452,0.000,0.000,-90.000
EX_453,0.000,0.000,-90.000
EX_454,0.000,0.000,-90.000
EX_455,0.000,0.000,-90.000
EX_458,0.000,0.000,-90.000
EX_459,0.000,0.000,-90.000
EX_460,0.000,0.000,-90.000
EX_461,0.000,0.000,-90.000
EX_462,0.000,0.000,-90.000
EX_463,0.000,0.000,-90.000
EX_464,0.000,0.000,-90.000
EX_466,0.000,0.000,-90.000
EX_470,0.000,0.000,-90.000
EX_471,0.000,0.000,-90.000
EX_472,0.000,0.000,-90.000
EX_473,0.000,0.000,-90.000
EX_474,0.000,0.000,-90.000
EX_477,0.000,0.000,-90.000
EX_478,0.000,0.000,-90.000
EX_479,0.000,0.000,-90.000
EX_480,0.000,0.000,-90.000
EX_481,0.000,0.000,-90.000
EX_482,0.000,0.000,-90.000
EX_483,0.000,0.000,-90.000
EX_484,0.000,0.000,-90.000
EX_487,0.000,0.000,-90.000
EX_488,0.000,0.000,-90.000
EX_489,0.000,0.000,-90.000
EX_493,0.000,0.000,-90.000
EX_494,0.000,0.000,-90.000
EX_495,0.000,0.000,-90.000
EX_499,0.000,0.000,-90.000
EX_500,0.000,0.000,-90.000
EX_501,0.000,0.000,-90.000
EX_502,0.000,0.000,-90.000
EX_503,0.000,0.000,-90.000
EX_504,0.000,0.000,-90.000
EX_505,0.000,0.000,-90.000
EX_506,0.000,0.000,-90.000
EX_508,0.000,0.000,-90.000
EX_509,0.000,0.000,-90.000
EX_51,0.000,0.000,-90.000
EX_510,0.000,0.000,-90.000
EX_511,0.000,0.000,-90.000
EX_513,0.000,0.000,-90.000
EX_514,0.000,0.000,-90.000
EX_515,0.000,0.000,-90.000
EX_516,0.000,0.000,-90.000
EX_517,0.000,0.000,-90.000
EX_518,0.000,0.000,-90.000
EX_519,0.000,0.000,-90.000
EX_520,0.000,0.000,-90.000
EX_521,0.000,0.000,-90.000
EX_522,0.000,0.000,-90.000
EX_523,0.000,0.000,-90.000
EX_524,0.000,0.000,-90.000
EX_525,0.000,0.000,-90.000
EX_527,0.000,0.000,-90.000
EX_528,0.000,0.000,-90.000
EX_529,0.000,0.000,-90.000
EX_530,0.000,0.000,-90.000
EX_531,0.000,0.000,-90.000
EX_532,0.000,0.000,-90.000
EX_534,0.000,0.000,-90.000
EX_535,0.000,0.000,-90.000
EX_536,0.000,0.000,-90.000
EX_537,0.000,0.000,-90.000
EX_538,0.000,0.000,-90.000
EX_539,0.000,0.000,-90.000
EX_540,0.000,0.000,-90.000
EX_541,0.000,0.000,-90.000
EX_542,0.000,0.000,-90.000
EX_543,0.000,0.000,-90.000
EX_544,0.000,0.000,-90.000
EX_545,0.000,0.000,-90.000
EX_546,0.000,0.000,-90.000
EX_547,0.000,0.000,-90.000
EX_548,0.000,0.000,-90.000
EX_549,0.000,0.000,-90.000
EX_550,0.000,0.000,-90.000
EX_551,0.000,0.000,-90.000
EX_552,0.000,0.000,-90.000
EX_553,0.000,0.000,-90.000
EX_554,0.000,0.000,-90.000
EX_555,0.000,0.000,-90.000
EX_556,0.000,0.000,-90.000
EX_557,0.000,0.000,-90.000
EX_558,0.000,0.000,-90.000
EX_559,0.000,0.000,-90.000
EX_560,0.000,0.000,-90.000
EX_561,0.000,0.000,-90.000
EX_562,0.000,0.000,-90.000
EX_563,0.000,0.000,-90.000
EX_564,0.000,0.000,-90.000
EX_565,0.000,0.000,-90.000
EX_567,0.000,0.000,-90.000
EX_568,0.000,0.000,-90.000
EX_570,0.000,0.000,-90.000
EX_571,0.000,0.000,-90.000
EX_572,0.000,0.000,-90.000
EX_573,0.000,0.000,-90.000
EX_576,0.000,0.000,-90.000
EX_577,0.000,0.000,-90.000
EX_578,0.000,0.000,-90.000
EX_579,0.000,0.000,-90.000
EX_580,0.000,0.000,-90.000
EX_581,0.000,0.000,-90.000
EX_582,0.000,0.000,-90.000
EX_583,0.000,0.000,-90.000
EX_584,0.000,0.000,-90.000
EX_585,0.000,0.000,-90.000
EX_586,0.000,0.000,-90.000
EX_587,0.000,0.000,-90.000
EX_589,0.000,0.000,-90.000
EX_590,0.000,0.000,-90.000
EX_591,0.000,0.000,-90.000
EX_592,0.000,0.000,-90.000
EX_593,0.000,0.000,-90.000
EX_594,0.000,0.000,-90.000
EX_595,0.000,0.000,-90.000
EX_597,0.000,0.000,-90.000
EX_598,0.000,0.000,-90.000
EX_599,0.000,0.000,-90.000
EX_600,0.000,0.000,-90.000
EX_601,0.000,0.000,-90.000
EX_602,0.000,0.000,-90.000
EX_603,0.000,0.000,-90.000
EX_605,0.000,0.000,-90.000
EX_606,0.000,0.000,-90.000
EX_608,0.000,0.000,-90.000
EX_610,0.000,0.000,-90.000
EX_611,0.000,0.000,-90.000
EX_612,0.000,0.000,-90.000
EX_613,0.000,0.000,-90.000
EX_614,0.000,0.000,-90.000
EX_615,0.000,0.000,-90.000
EX_616,0.000,0.000,-90.000
EX_617,0.000,0.000,-90.000
EX_618,0.000,0.000,-90.000
EX_625,0.000,0.000,-90.000
EX_626,0.000,0.000,-90.000
EX_627,0.000,0.000,-90.000
EX_631,0.000,0.000,-90.000
EX_632,0.000,0.000,-90.000
EX_633,0.000,0.000,-90.000
EX_634,0.000,0.000,-90.000
EX_635,0.000,0.000,-90.000
EX_637,0.000,0.000,-90.000
EX_640,0.000,0.000,-90.000
EX_642,0.000,0.000,-90.000
EX_643,0.000,0.000,-90.000
EX_644,0.000,0.000,-90.000
EX_645,0.000,0.000,-90.000
EX_647,0.000,0.000,-90.000
EX_652,0.000,0.000,-90.000
EX_653,0.000,0.000,-90.000
EX_655,0.000,0.000,-90.000
EX_660,0.000,0.000,-90.000
EX_661,0.000,0.000,-90.000
EX_663,0.000,0.000,-90.000
EX_664,0.000,0.000,-90.000
EX_665,0.000,0.000,-90.000
EX_666,0.000,0.000,-90.000
EX_667,0.000,0.000,-90.000
EX_668,0.000,0.000,-90.000
EX_669,0.000,0.000,-90.000
EX_671,0.000,0.000,-90.000
EX_675,0.000,0.000,-90.000
EX_676,0.000,0.000,-90.000
EX_677,0.000,0.000,-90.000
EX_678,0.000,0.000,-90.000
EX_679,0.000,0.000,-90.000
EX_680,0.000,0.000,-90.000
EX_681,0.000,0.000,-90.000
EX_682,0.000,0.000,-90.000
EX_683,0.000,0.000,-90.000
EX_684,0.000,0.000,-90.000
EX_685,0.000,0.000,-90.000
EX_692,0.000,0.000,-90.000
EX_693,0.000,0.000,-90.000
EX_694,0.000,0.000,-90.000
EX_695,0.000,0.000,-90.000
EX_700,0.000,0.000,-90.000
EX_701,0.000,0.000,-90.000
EX_703,0.000,0.000,-90.000
EX_709,0.000,0.000,-90.000
EX_711,0.000,0.000,-90.000
EX_712,0.000,0.000,-90.000
EX_713,0.000,0.000,-90.000
EX_714,0.000,0.000,-90.000
EX_715,0.000,0.000,-90.000
EX_716,0.000,0.000,-90.000
EX_720,0.000,0.000,-90.000
EX_721,0.000,0.000,-90.000
EX_723,0.000,0.000,-90.000
EX_724,0.000,0.000,-90.000
EX_725,0.000,0.000,-90.000
EX_726,0.000,0.000,-90.000
EX_727,0.000,0.000,-90.000
EX_728,0.000,0.000,-90.000
EX_731,0.000,0.000,-90.000
EX_732,0.000,0.000,-90.000
EX_733,0.000,0.000,-90.000
EX_737,0.000,0.000,-90.000
EX_739,0.000,0.000,-90.000
EX_740,0.000,0.000,-90.000
EX_741,0.000,0.000,-90.000
EX_744,0.000,0.000,-90.000
EX_746,0.000,0.000,-90.000
EX_747,0.000,0.000,-90.000
EX_748,0.000,0.000,-90.000
EX_749,0.000,0.000,-90.000
EX_750,0.000,0.000,-90.000
EX_755,0.000,0.000,-90.000
EX_756,0.000,0.000,-90.000
EX_757,0.000,0.000,-90.000
EX_758,0.000,0.000,-90.000
EX_759,0.000,0.000,-90.000
EX_760,0.000,0.000,-90.000
EX_761,0.000,0.000,-90.000
EX_762,0.000,0.000,-90.000
EX_763,0.000,0.000,-90.000
EX_765,0.000,0.000,-90.000
EX_766,0.000,0.000,-90.000
EX_767,0.000,0.000,-90.000
EX_768,0.000,0.000,-90.000
EX_769,0.000,0.000,-90.000
EX_770,0.000,0.000,-90.000
EX_771,0.000,0.000,-90.000
EX_772,0.000,0.000,-90.000
EX_773,0.000,0.000,-90.000
EX_777,0.000,0.000,-90.000
EX_778,0.000,0.000,-90.000
EX_779,0.000,0.000,-90.000
EX_780,0.000,0.000,-90.000
EX_781,0.000,0.000,-90.000
EX_782,0.000,0.000,-90.000
EX_783,0.000,0.000,-90.000
EX_784,0.000,0.000,-90.000
EX_785,0.000,0.000,-90.000
EX_786,0.000,0.000,-90.000
EX_787,0.000,0.000,-90.000
EX_788,0.000,0.000,-90.000
EX_789,0.000,0.000,-90.000
EX_790,0.000,0.000,-90.000
EX_791,0.000,0.000,-90.000
EX_792,0.000,0.000,-90.000
EX_793,0.000,0.000,-90.000
EX_794,0.000,0.000,-90.000
EX_795,0.000,0.000,-90.000
EX_797,0.000,0.000,-90.000
EX_805,0.000,0.000,-90.000
EX_806,0.000,0.000,-90.000
EX_807,0.000,0.000,-90.000
EX_811,0.000,0.000,-90.000
EX_812,0.000,0.000,-90.000
EX_813,0.000,0.000,-90.000
EX_815,0.000,0.000,-90.000
EX_819,0.000,0.000,-90.000
EX_820,0.000,0.000,-90.000
EX_823,0.000,0.000,-90.000
EX_828,0.000,0.000,-90.000
EX_829,0.000,0.000,-90.000
EX_830,0.000,0.000,-90.000
EX_832,0.000,0.000,-90.000
EX_833,0.000,0.000,-90.000
EX_835,0.000,0.000,-90.000
EX_836,0.000,0.000,-90.000
EX_837,0.000,0.000,-90.000
EX_838,0.000,0.000,-90.000
EX_839,0.000,0.000,-90.000
EX_840,0.000,0.000,-90.000
EX_842,0.000,0.000,-90.000
EX_903,0.000,0.000,-90.000
EX_904,0.000,0.000,-90.000
EX_906,0.000,0.000,-90.000
EX_908,0.000,0.000,-90.000
EX_909,0.000,0.000,-90.000
EX_910,0.000,0.000,-90.000
EX_911,0.000,0.000,-90.000
EX_912,0.000,0.000,-90.000
EX_914,0.000,0.000,-90.000
EX_920,0.000,0.000,-90.000
EX_921,0.000,0.000,-90.000
EX_925,0.000,0.000,-90.000
EX_928,0.000,0.000,-90.000
EX_933,0.000,0.000,-90.000
EX_936,0.000,0.000,-90.000
EX_937,0.000,0.000,-90.000
EX_938,0.000,0.000,-90.000
EX_A264,0.000,0.000,-90.000
EX_A302,0.000,0.000,-90.000
EX_A303,0.000,0.000,-90.000
EX_A307,0.000,0.000,-90.000
EX_A311,0.000,0.000,-90.000
EX_A313,0.000,0.000,-90.000
EX_A319,0.000,0.000,-90.000
EX_A328,0.000,0.000,-90.000
EX_A329,0.000,0.000,-90.000
EX_A334,0.000,0.000,-90.000
EX_A335,0.000,0.000,-90.000
EX_A338,0.000,0.000,-90.000
EX_A339,0.000,0.000,-90.000
EX_A340,0.000,0.000,-90.000
EX_A341,0.000,0.000,-90.000
EX_A344,0.000,0.000,-90.000
EX_A346,0.000,0.000,-90.000
EX_A354,0.000,0.000,-90.000
EX_A355,0.000,0.000,-90.000
EX_A356,0.000,0.000,-90.000
EX_A357,0.000,0.000,-90.000
EX_A358,0.000,0.000,-90.000
EX_A359,0.000,0.000,-90.000
EX_A361,0.000,0.000,-90.000
EX_A367,0.000,0.000,-90.000
EX_A371,0.000,0.000,-90.000
EX_A372,0.000,0.000,-90.000
EX_A373,0.000,0.000,-90.000
EX_A374,0.000,0.000,-90.000
EX_A375,0.000,0.000,-90.000
EX_A376,0.000,0.000,-90.000
EX_A377,0.000,0.000,-90.000
EX_A378,0.000,0.000,-90.000
EX_A379,0.000,0.000,-90.000
EX_A390,0.000,0.000,-90.000
EX_A394,0.000,0.000,-90.000
EX_A395,0.000,0.000,-90.000
EX_A396,0.000,0.000,-90.000
EX_A397,0.000,0.000,-90.000
EX_A411,0.000,0.000,-90.000
EX_A412,0.000,0.000,-90.000
EX_A417,0.000,0.000,-90.000
EX_A419,0.000,0.000,-90.000
EX_A420,0.000,0.000,-90.000
EX_A421,0.000,0.000,-90.000
EX_A426,0.000,0.000,-90.000
EX_A436,0.000,0.000,-90.000
EX_A437,0.000,0.000,-90.000
EX_A438,0.000,0.000,-90.000
EX_A439,0.000,0.000,-90.000
EX_A454,0.000,0.000,-90.000
EX_A459,0.000,0.000,-90.000
EX_A460,0.000,0.000,-90.000
EX_A470,0.000,0.000,-90.000
EX_A478,0.000,0.000,-90.000
EX_A479,0.000,0.000,-90.000
EX_A480,0.000,0.000,-90.000
EX_A481,0.000,0.000,-90.000
EX_A483,0.000,0.000,-90.000
EX_A489,0.000,0.000,-90.000
EX_A494,0.000,0.000,-90.000
EX_A501,0.000,0.000,-90.000
EX_A502,0.000,0.000,-90.000
EX_A503,0.000,0.000,-90.000
EX_A506,0.000,0.000,-90.000
EX_A507,0.000,0.000,-90.000
EX_A508,0.000,0.000,-90.000
EX_A509,0.000,0.000,-90.000
EX_A513,0.000,0.000,-90.000
EX_A517,0.000,0.000,-90.000
EX_A526,0.000,0.000,-90.000
EX_A527,0.000,0.000,-90.000
EX_A529,0.000,0.000,-90.000
EX_A531,0.000,0.000,-90.000
EX_A533,0.000,0.000,-90.000
EX_A569,0.000,0.000,-90.000
EX_A570,0.000,0.000,-90.000
EX_A664,0.000,0.000,-90.000
EX_A666,0.000,0.000,-90.000
EX_A668,0.000,0.000,-90.000
EX_A669,0.000,0.000,-90.000
EX_A682,0.000,0.000,-90.000
EX_A692,0.000,0.000,-90.000
EX_A694,0.000,0.000,-90.000
EX_A712,0.000,0.000,-90.000
EX_A714,0.000,0.000,-90.000
EX_AHS063,0.000,0.000,-90.000
EX_AHS073,0.000,0.000,-90.000
EX_AHS083,0.000,0.000,-90.000
EX_AHS113,0.000,0.000,-90.000
EX_AHS123,0.000,0.000,-90.000
EX_AHS133,0.000,0.000,-90.000
EX_AHS143,0.000,0.000,-90.000
EX_BK1501,0.000,0.000,-90.000
EX_BK1501,20.000,50.000,-88.300
EX_BK1501,40.000,32.000,-88.150
EX_BK1501,60.000,33.000,-87.100
EX_BK1501,80.000,40.000,-88.570
EX_BK1501,100.000,45.000,-88.610
EX_BK1501,120.000,86.000,-88.940
EX_BK1501,140.000,17.000,-89.520
EX_BK1501,160.000,101.000,-89.140
EX_BK1501,180.000,258.000,-87.560
EX_BK1501,200.000,283.000,-87.130
EX_BK1601,0.000,0.000,-90.000
EX_BK1601,20.000,271.000,-88.460
EX_BK1601,40.000,260.000,-87.770
EX_BK1601,60.000,260.000,-88.390
EX_BK1601,80.000,249.000,-88.230
EX_BK1601,100.000,251.000,-88.310
EX_BK1601,120.000,270.000,-88.140
EX_BK1601,140.000,281.000,-88.330
EX_BK1601,160.000,284.000,-88.570
EX_BK1601,180.000,283.000,-88.250
EX_BK1601,200.000,303.000,-88.110
EX_BK1601,220.000,336.000,-87.420
EX_BK1601,240.000,348.000,-86.820
EX_BK1601,247.000,356.000,-85.750
EX_BK1602,0.000,0.000,-90.000
EX_BK1602,10.000,29.000,-88.430
EX_BK1602,20.000,38.000,-86.800
EX_BK1602,40.000,41.000,-87.740
EX_BK1602,60.000,44.000,-87.650
EX_BK1602,80.000,34.000,-87.610
EX_BK1602,100.000,45.000,-87.740
EX_BK1602,120.000,51.000,-87.640
EX_BK1602,140.000,42.000,-87.250
EX_BK1602,160.000,43.000,-87.580
EX_BK1602,180.000,41.000,-87.970
EX_BK1602,200.000,33.000,-87.810
EX_BK1602,220.000,32.000,-88.190
EX_BK1602,225.000,55.000,-88.340
EX_BK1603,0.000,0.000,-90.000
EX_BK1701,0.000,0.000,-90.000
EX_BK1701,20.000,105.000,-89.640
EX_BK1701,40.000,80.000,-89.520
EX_BK1701,60.000,107.000,-89.300
EX_BK1701,80.000,93.000,-89.570
EX_BK1701,100.000,136.000,-89.310
EX_BK1701,120.000,175.000,-89.340
EX_BK1701,140.000,166.000,-88.650
EX_BK1701,160.000,184.000,-89.090
EX_BK1701,180.000,319.000,-89.280
EX_BK1701,200.000,17.000,-88.840
EX_BK1701,220.000,14.000,-88.000
EX_BK1701,225.000,24.000,-87.910
EX_BK1702,0.000,0.000,-90.000
EX_BK1702,20.000,352.000,-88.970
EX_BK1702,40.000,238.000,-88.480
EX_BK1702,60.000,324.000,-89.290
EX_BK1702,80.000,203.000,-89.160
EX_BK1702,100.000,79.000,-89.700
EX_BK1702,120.000,230.000,-89.190
EX_BK1702,140.000,353.000,-88.030
EX_BK1702,160.000,6.000,-88.200
EX_BK1702,180.000,11.000,-87.920
EX_BK1702,200.000,24.000,-87.740
EX_BK1702,220.000,4.000,-88.600
EX_BK1702,240.000,9.000,-88.000
EX_BK1702,252.000,7.000,-88.220
EX_BK1703,0.000,0.000,-90.000
EX_BK1703,20.000,234.000,-88.600
EX_BK1703,40.000,227.000,-88.850
EX_BK1703,60.000,222.000,-87.990
EX_BK1703,80.000,249.000,-89.050
EX_BK1703,100.000,265.000,-88.480
EX_BK1703,120.000,267.000,-88.740
EX_BK1703,140.000,239.000,-89.040
EX_BK1703,160.000,282.000,-88.670
EX_BK1703,180.000,271.000,-88.030
EX_BK1703,200.000,288.000,-88.270
EX_BK1703,211.000,286.000,-87.850
EX_BK1704,0.000,0.000,-90.000
EX_BK1704,20.000,117.000,-89.430
EX_BK1704,40.000,348.000,-89.820
EX_BK1704,60.000,324.000,-89.280
EX_BK1704,80.000,325.000,-88.840
EX_BK1704,90.000,341.000,-87.240
EX_BK1704,100.000,352.000,-87.170
EX_BK1704,120.000,89.000,-87.940
EX_BK1704,140.000,299.000,-89.650
EX_BK1704,160.000,287.000,-89.800
EX_BK1704,180.000,285.000,-89.560
EX_BK1704,200.000,54.000,-89.310
EX_BK1704,220.000,55.000,-88.880
EX_BK1704,240.000,250.000,-87.520
EX_BK1704,257.000,39.000,-87.180
EX_BK1705,0.000,0.000,-90.000
EX_BK1705,20.000,33.000,-89.550
EX_BK1705,40.000,47.000,-89.310
EX_BK1705,60.000,152.000,-89.490
EX_BK1705,80.000,103.000,-89.510
EX_BK1705,100.000,188.000,-88.570
EX_BK1705,120.000,196.000,-88.290
EX_BK1705,140.000,125.000,-89.340
EX_BK1705,160.000,122.000,-88.300
EX_BK1705,180.000,146.000,-88.690
EX_BK1705,200.000,147.000,-88.520
EX_BK1705,220.000,149.000,-88.140
EX_BK1705,240.000,173.000,-87.430
EX_BK1705,245.000,177.000,-87.920
EX_BK1706,0.000,0.000,-90.000
EX_BK1706,20.000,262.000,-89.050
EX_BK1706,40.000,234.000,-89.520
EX_BK1706,60.000,206.000,-88.870
EX_BK1706,80.000,165.000,-88.370
EX_BK1706,100.000,183.000,-88.280
EX_BK1706,120.000,185.000,-88.380
EX_BK1706,140.000,179.000,-88.110
EX_BK1706,160.000,187.000,-87.600
EX_BK1706,180.000,185.000,-87.470
EX_BK1706,200.000,192.000,-87.180
EX_BK1706,220.000,189.000,-86.760
EX_BK1706,235.000,173.000,-86.400
EX_BK1801,0.000,0.000,-90.000
EX_BK1801,20.000,248.000,-89.600
EX_BK1801,40.000,234.000,-89.020
EX_BK1801,60.000,182.000,-89.330
EX_BK1801,80.000,178.000,-89.170
EX_BK1801,100.000,191.000,-89.080
EX_BK1801,120.000,194.000,-88.960
EX_BK1801,140.000,216.000,-88.630
EX_BK1801,160.000,223.000,-88.260
EX_BK1801,180.000,233.000,-88.700
EX_BK1801,191.000,260.000,-88.100
EX_BK1802,0.000,0.000,-90.000
EX_BK1802,10.000,336.000,-88.630
EX_BK1802,20.000,342.000,-87.140
EX_BK1802,40.000,347.000,-87.750
EX_BK1802,60.000,320.000,-87.790
EX_BK1802,80.000,335.000,-88.500
EX_BK1802,100.000,351.000,-87.500
EX_BK1802,120.000,314.000,-88.280
EX_BK1802,140.000,301.000,-88.490
EX_BK1802,160.000,319.000,-87.000
EX_BK1802,180.000,326.000,-86.300
EX_BK1802,200.000,336.000,-86.910
EX_BK1802,212.000,352.000,-86.080
EX_BK1803,0.000,0.000,-90.000
EX_BK1803,20.000,315.000,-88.770
EX_BK1803,40.000,328.000,-88.560
EX_BK1803,60.000,315.000,-87.580
EX_BK1803,80.000,337.000,-87.640
EX_BK1803,100.000,349.000,-87.750
EX_BK1803,120.000,355.000,-87.830
EX_BK1803,140.000,336.000,-87.950
EX_BK1803,160.000,345.000,-87.910
EX_BK1803,180.000,331.000,-88.850
EX_BK1803,200.000,285.000,-88.970
EX_BK1804,0.000,0.000,-90.000
EX_BK1804,20.000,91.000,-88.800
EX_BK1804,40.000,79.000,-88.460
EX_BK1804,60.000,116.000,-88.720
EX_BK1804,80.000,132.000,-89.130
EX_BK1804,100.000,124.000,-88.910
EX_BK1804,120.000,123.000,-88.630
EX_BK1804,140.000,122.000,-89.010
EX_BK1804,160.000,107.000,-89.210
EX_BK1804,180.000,70.000,-88.990
EX_BK1804,198.000,41.000,-88.810
EX_BK1805,0.000,0.000,-90.000
EX_BK1805,20.000,234.000,-88.790
EX_BK1805,40.000,231.000,-88.800
EX_BK1805,60.000,226.000,-88.810
EX_BK1805,80.000,224.000,-88.990
EX_BK1805,100.000,231.000,-89.360
EX_BK1805,120.000,274.000,-89.860
EX_BK1805,140.000,71.000,-88.700
EX_BK1805,160.000,172.000,-89.320
EX_BK1805,180.000,106.000,-88.330
EX_BK1805,185.000,108.000,-87.580
EX_BK1806,0.000,0.000,-90.000
EX_BK1806,20.000,291.000,-88.570
EX_BK1806,40.000,324.000,-88.720
EX_BK1806,60.000,285.000,-88.520
EX_BK1806,80.000,340.000,-89.090
EX_BK1806,100.000,321.000,-88.930
EX_BK1806,120.000,312.000,-88.990
EX_BK1806,124.000,304.000,-88.790
EX_BK1901,0.000,0.000,-90.000
EX_BK1901,50.000,258.000,-89.700
EX_BK1901,70.000,269.000,-88.500
EX_BK1901,100.000,297.000,-87.050
EX_BK1901,150.000,314.000,-88.250
EX_BK1901,170.000,300.000,-88.190
EX_BK1902,0.000,0.000,-89.900
EX_BK1902,20.000,242.000,-89.430
EX_BK1902,40.000,156.000,-89.870
EX_BK1902,60.000,310.000,-89.030
EX_BK1902,80.000,290.000,-89.570
EX_BK1902,100.000,294.000,-89.020
EX_BK1902,120.000,301.000,-87.770
EX_BK1902,140.000,289.000,-88.320
EX_BK1902,160.000,284.000,-88.630
EX_BK1903,0.000,0.000,-90.000
EX_BK1903,20.000,79.000,-89.350
EX_BK1903,40.000,70.000,-89.060
EX_BK1903,60.000,16.000,-89.430
EX_BK1903,80.000,68.000,-88.880
EX_BK1903,100.000,91.000,-88.280
EX_BK1903,120.000,73.000,-88.340
EX_BK1903,140.000,100.000,-87.820
EX_BK1903,160.000,111.000,-88.060
EX_BK1903,180.000,103.000,-87.440
EX_BK1903,200.000,126.000,-87.210
EX_BK1903,220.000,122.000,-86.870
EX_BK1903,223.000,123.000,-86.810
EX_BK1904,0.000,0.000,-90.000
EX_BK1905,0.000,0.000,-90.000
EX_BK1905,20.000,196.000,-89.710
EX_BK1905,40.000,176.000,-89.700
EX_BK1905,60.000,185.000,-89.650
EX_BK1905,80.000,182.000,-89.470
EX_BK1905,100.000,180.000,-89.570
EX_BK1905,120.000,171.000,-89.350
EX_BK1905,140.000,172.000,-89.330
EX_BK1905,160.000,183.000,-89.080
EX_BK1905,180.000,189.000,-89.400
EX_BK1905,200.000,218.000,-89.540
EX_BK1905,211.000,236.000,-88.940
EX_BK1906,0.000,0.000,-89.900
EX_BK1906,50.000,66.000,-89.310
EX_BK1906,100.000,31.000,-89.230
EX_BK1906,150.000,346.000,-88.170
EX_BK1906,200.000,2.000,-89.180
EX_BK1906,202.000,23.000,-89.160
EX_BK1907,0.000,0.000,-89.800
EX_BK1907,50.000,291.000,-88.130
EX_BK1907,100.000,304.000,-87.920
EX_BK1907,149.000,316.000,-88.820
EX_BK1909,0.000,0.000,-90.000
EX_BK1909,50.000,248.000,-88.860
EX_BK1909,100.000,232.000,-88.680
EX_BK1909,150.000,227.000,-88.670
EX_BK1909,157.000,234.000,-88.280
EX_BK1910,0.000,0.000,-90.000
EX_BK1910,50.000,272.000,-89.400
EX_BK1910,100.000,306.000,-89.240
EX_BK1910,148.000,304.000,-88.810
EX_BK1911,0.000,0.000,-90.000
EX_BK1912,0.000,0.000,-90.000
EX_BK1912,20.000,107.000,-89.660
EX_BK1912,40.000,116.000,-89.310
EX_BK1912,60.000,53.000,-89.520
EX_BK1912,80.000,11.000,-88.190
EX_BK1912,100.000,7.000,-88.020
EX_BK1912,120.000,357.000,-87.430
EX_BK1912,140.000,353.000,-88.150
EX_BK1912,160.000,356.000,-88.230
EX_BK1912,180.000,33.000,-88.710
EX_BK1912,185.000,43.000,-88.270
EX_BK1913,0.000,0.000,-89.900
EX_BK1913,50.000,318.000,-89.640
EX_BK1913,100.000,70.000,-89.280
EX_BK1913,150.000,325.000,-88.980
EX_BK1913,200.000,347.000,-88.900
EX_BK1913,250.000,324.000,-88.830
EX_BK1913,281.000,327.000,-88.560
EX_BK1914,0.000,0.000,-89.900
EX_BK1914,50.000,89.000,-89.220
EX_BK1914,100.000,138.000,-89.340
EX_BK1914,150.000,163.000,-88.700
EX_BK1914,163.000,136.000,-88.870
EX_BK1915,0.000,0.000,-90.000
EX_BK1915,20.000,314.000,-89.040
EX_BK1915,40.000,48.000,-89.170
EX_BK1915,60.000,20.000,-89.290
EX_BK1915,80.000,52.000,-88.890
EX_BK1915,100.000,77.000,-87.930
EX_BK1915,120.000,109.000,-88.380
EX_BK1915,131.000,115.000,-87.210
EX_BK2001,0.000,0.000,-90.000
EX_BK2001,20.000,338.000,-89.310
EX_BK2001,40.000,24.000,-87.920
EX_BK2001,60.000,25.000,-88.090
EX_BK2001,80.000,27.000,-88.340
EX_BK2001,100.000,31.000,-87.870
EX_BK2001,120.000,13.000,-88.210
EX_BK2001,140.000,28.000,-88.180
EX_BK2001,160.000,50.000,-88.920
EX_BK2001,180.000,48.000,-89.120
EX_BK2001,199.000,18.000,-88.570
EX_BK2002,0.000,0.000,-90.000
EX_BK2002,20.000,239.000,-89.270
EX_BK2002,40.000,209.000,-89.510
EX_BK2002,60.000,210.000,-89.140
EX_BK2002,80.000,210.000,-89.380
EX_BK2002,100.000,194.000,-89.530
EX_BK2002,120.000,187.000,-89.470
EX_BK2002,140.000,165.000,-89.150
EX_BK2002,147.000,174.000,-89.900
EX_BK2003,0.000,0.000,-90.000
EX_BK2003,20.000,146.000,-88.720
EX_BK2003,40.000,160.000,-88.710
EX_BK2003,60.000,161.000,-87.540
EX_BK2003,80.000,168.000,-88.680
EX_BK2003,100.000,155.000,-88.480
EX_BK2003,120.000,154.000,-88.810
EX_BK2003,140.000,143.000,-88.340
EX_BK2003,156.000,122.000,-88.410
EX_BK2004,0.000,0.000,-89.800
EX_BK2004,50.000,319.000,-88.150
EX_BK2004,100.000,331.000,-88.680
EX_BK2004,150.000,331.000,-88.360
EX_BK2004,176.000,40.000,-88.080
EX_BK2005,0.000,0.000,-90.000
EX_BK2005,20.000,15.000,-88.550
EX_BK2005,40.000,28.000,-88.480
EX_BK2005,60.000,42.000,-87.800
EX_BK2005,80.000,51.000,-87.490
EX_BK2005,100.000,46.000,-87.470
EX_BK2005,102.000,47.000,-87.330
EX_BK2007,0.000,0.000,-90.000
EX_BK2007,20.000,11.000,-88.740
EX_BK2007,40.000,47.000,-89.340
EX_BK2007,60.000,26.000,-88.760
EX_BK2007,80.000,354.000,-88.960
EX_BK2007,100.000,340.000,-89.110
EX_BK2007,120.000,331.000,-89.340
EX_BK2007,140.000,347.000,-89.160
EX_BK2007,160.000,32.000,-89.020
EX_BK2007,180.000,76.000,-88.650
EX_BK2007,200.000,87.000,-88.740
EX_BK2007,220.000,90.000,-88.810
EX_BK2007,233.000,126.000,-88.670
EX_BK2101,0.000,0.000,-90.000
EX_BK2101,20.000,215.000,-88.910
EX_BK2101,40.000,69.000,-88.980
EX_BK2101,60.000,78.000,-88.360
EX_BK2101,80.000,85.000,-88.510
EX_BK2101,100.000,116.000,-88.730
EX_BK2101,120.000,93.000,-88.640
EX_BK2101,140.000,112.000,-88.410
EX_BK2101,160.000,122.000,-87.920
EX_BK2101,180.000,120.000,-87.510
EX_BK2101,200.000,137.000,-87.550
EX_BK2101,220.000,129.000,-88.510
EX_BK2101,240.000,124.000,-88.010
EX_BK2101,250.000,124.000,-88.030
EX_BK2201,0.000,0.000,-90.000
EX_BK2201,20.000,106.000,-88.040
EX_BK2201,40.000,96.000,-87.470
EX_BK2201,60.000,79.000,-87.720
EX_BK2201,80.000,82.000,-87.700
EX_BK2201,100.000,80.000,-86.990
EX_BK2201,120.000,85.000,-86.940
EX_BK2201,140.000,99.000,-86.910
EX_BK2201,160.000,90.000,-87.010
EX_BK2201,180.000,96.000,-87.080
EX_BK2201,197.000,98.000,-86.260
EX_BK2202,0.000,0.000,-90.000
EX_BK2202,20.000,77.000,-88.720
EX_BK2202,40.000,87.000,-88.660
EX_BK2202,60.000,82.000,-88.770
EX_BK2202,80.000,79.000,-88.850
EX_BK2202,100.000,85.000,-88.800
EX_BK2202,120.000,80.000,-88.900
EX_BK2202,140.000,87.000,-88.970
EX_BK2202,160.000,90.000,-88.700
EX_BK2202,180.000,98.000,-88.460
EX_BK2202,200.000,96.000,-88.910
EX_H1104,0.000,0.000,-90.000
EX_H1105,0.000,0.000,-90.000
EX_H1106,0.000,0.000,-90.000
EX_H1107,0.000,0.000,-90.000
EX_H1109,0.000,0.000,-90.000
EX_H1110,0.000,0.000,-90.000
EX_H1111,0.000,0.000,-90.000
EX_H1112,0.000,0.000,-90.000
EX_H1113,0.000,0.000,-90.000
EX_H1114,0.000,0.000,-90.000
EX_H1115,0.000,0.000,-90.000
EX_H1116,0.000,0.000,-90.000
EX_H1117,0.000,0.000,-90.000
EX_H1118,0.000,0.000,-90.000
EX_H1201,0.000,0.000,-90.000
EX_H1202,0.000,0.000,-90.000
EX_H1203,0.000,0.000,-90.000
EX_H1204,0.000,0.000,-90.000
EX_H1206,0.000,0.000,-90.000
EX_H1207,0.000,0.000,-90.000
EX_H1208,0.000,0.000,-90.000
EX_H1209,0.000,0.000,-90.000
EX_H1210,0.000,0.000,-90.000
EX_H1211,0.000,0.000,-90.000
EX_H1212,0.000,0.000,-90.000
EX_H1213,0.000,0.000,-90.000
EX_H1214,0.000,0.000,-90.000
EX_H1215,0.000,0.000,-90.000
EX_H1216,0.000,0.000,-90.000
EX_H1217,0.000,0.000,-90.000
EX_H1218,0.000,0.000,-90.000
EX_H1219,0.000,0.000,-90.000
EX_H1220,0.000,0.000,-90.000
EX_H1221,0.000,0.000,-90.000
EX_H1222,0.000,0.000,-90.000
EX_H1223,0.000,0.000,-90.000
EX_H1224,0.000,0.000,-90.000
EX_H1302,0.000,0.000,-90.000
EX_H1303,0.000,0.000,-90.000
EX_H1304,0.000,0.000,-90.000
EX_H1305,0.000,0.000,-90.000
EX_H1306,0.000,0.000,-90.000
EX_H1307,0.000,0.000,-90.000
EX_H1308,0.000,0.000,-90.000
EX_H1309,0.000,0.000,-90.000
EX_H1310,0.000,0.000,-90.000
EX_H1312,0.000,0.000,-90.000
EX_H1313,0.000,0.000,-90.000
EX_H1314,0.000,0.000,-90.000
EX_H1315,0.000,0.000,-90.000
EX_H1316,0.000,0.000,-90.000
EX_H1317,0.000,0.000,-90.000
EX_H1318,0.000,0.000,-90.000
EX_H1319,0.000,0.000,-90.000
EX_H1320,0.000,0.000,-90.000
EX_H1321,0.000,0.000,-90.000
EX_H1322,0.000,0.000,-90.000
EX_H1323,0.000,0.000,-90.000
EX_H1401,0.000,0.000,-90.000
EX_H1402,0.000,0.000,-90.000
EX_H1403,0.000,0.000,-90.000
EX_H1404,0.000,0.000,-90.000
EX_H1405,0.000,0.000,-90.000
EX_H1406,0.000,0.000,-90.000
EX_H1407,0.000,0.000,-90.000
EX_H1408,0.000,0.000,-90.000
EX_H1409,0.000,0.000,-90.000
EX_H1410,0.000,0.000,-90.000
EX_H1411,0.000,0.000,-90.000
EX_H1412,0.000,0.000,-90.000
EX_H1413,0.000,0.000,-90.000
EX_H1414,0.000,0.000,-90.000
EX_H1415,0.000,0.000,-90.000
EX_H1416,0.000,0.000,-90.000
EX_H1501,0.000,0.000,-90.000
EX_H1502,0.000,0.000,-90.000
EX_H1503,0.000,0.000,-90.000
EX_H1504,0.000,0.000,-90.000
EX_H1505,0.000,0.000,-90.000
EX_H26,0.000,0.000,-90.000
EX_H278,0.000,0.000,-90.000
EX_H285,0.000,0.000,-90.000
EX_H286,0.000,0.000,-90.000
EX_H287,0.000,0.000,-90.000
EX_H291,0.000,0.000,-90.000
EX_H293,0.000,0.000,-90.000
EX_H294,0.000,0.000,-90.000
EX_H295,0.000,0.000,-90.000
EX_H38,0.000,0.000,-90.000
EX_H40,0.000,0.000,-90.000
EX_H41,0.000,0.000,-90.000
EX_H42,0.000,0.000,-90.000
EX_H43,0.000,0.000,-90.000
EX_H44,0.000,0.000,-90.000
EX_H45,0.000,0.000,-90.000
EX_H526,0.000,0.000,-90.000
EX_H531,0.000,0.000,-90.000
EX_H547,0.000,0.000,-90.000
EX_H552,0.000,0.000,-90.000
EX_H567,0.000,0.000,-90.000
EX_H569,0.000,0.000,-90.000
EX_H901,0.000,0.000,-90.000
EX_H902,0.000,0.000,-90.000
EX_H903,0.000,0.000,-90.000
EX_HS011,0.000,0.000,-90.000
EX_HS012,0.000,0.000,-90.000
EX_HS013,0.000,0.000,-90.000
EX_HS020,0.000,0.000,-90.000
EX_HS021,0.000,0.000,-90.000
EX_HS022,0.000,0.000,-90.000
EX_HS023,0.000,0.000,-90.000
EX_HS024,0.000,0.000,-90.000
EX_HS025,0.000,0.000,-90.000
EX_HS026,0.000,0.000,-90.000
EX_HS041,0.000,0.000,-90.000
EX_HS042,0.000,0.000,-90.000
EX_HS043,0.000,0.000,-90.000
EX_HS044,0.000,0.000,-90.000
EX_HS046,0.000,0.000,-90.000
EX_HS047,0.000,0.000,-90.000
EX_HS051,0.000,0.000,-90.000
EX_HS052,0.000,0.000,-90.000
EX_HS053,0.000,0.000,-90.000
EX_HS054,0.000,0.000,-90.000
EX_HS055,0.000,0.000,-90.000
EX_HS056,0.000,0.000,-90.000
EX_HS057,0.000,0.000,-90.000
EX_HS061,0.000,0.000,-90.000
EX_HS062,0.000,0.000,-90.000
EX_HS064,0.000,0.000,-90.000
EX_HS065,0.000,0.000,-90.000
EX_HS067,0.000,0.000,-90.000
EX_HS071,0.000,0.000,-90.000
EX_HS072,0.000,0.000,-90.000
EX_HS074,0.000,0.000,-90.000
EX_HS075,0.000,0.000,-90.000
EX_HS076,0.000,0.000,-90.000
EX_HS077,0.000,0.000,-90.000
EX_HS081,0.000,0.000,-90.000
EX_HS082,0.000,0.000,-90.000
EX_HS084,0.000,0.000,-90.000
EX_HS085,0.000,0.000,-90.000
EX_HS086,0.000,0.000,-90.000
EX_HS087,0.000,0.000,-90.000
EX_HS091,0.000,0.000,-90.000
EX_HS092,0.000,0.000,-90.000
EX_HS093,0.000,0.000,-90.000
EX_HS094,0.000,0.000,-90.000
EX_HS101,0.000,0.000,-90.000
EX_HS103,0.000,0.000,-90.000
EX_HS104,0.000,0.000,-90.000
EX_HS105,0.000,0.000,-90.000
EX_HS106,0.000,0.000,-90.000
EX_HS111,0.000,0.000,-90.000
EX_HS112,0.000,0.000,-90.000
EX_HS114,0.000,0.000,-90.000
EX_HS115,0.000,0.000,-90.000
EX_HS116,0.000,0.000,-90.000
EX_HS117,0.000,0.000,-90.000
EX_HS121,0.000,0.000,-90.000
EX_HS122,0.000,0.000,-90.000
EX_HS124,0.000,0.000,-90.000
EX_HS125,0.000,0.000,-90.000
EX_HS126,0.000,0.000,-90.000
EX_HS131,0.000,0.000,-90.000
EX_HS132,0.000,0.000,-90.000
EX_HS134,0.000,0.000,-90.000
EX_HS135,0.000,0.000,-90.000
EX_HS136,0.000,0.000,-90.000
EX_HS137,0.000,0.000,-90.000
EX_HS141,0.000,0.000,-90.000
EX_HS142,0.000,0.000,-90.000
EX_HS144,0.000,0.000,-90.000
EX_HS145,0.000,0.000,-90.000
EX_HS146,0.000,0.000,-90.000
EX_HS147,0.000,0.000,-90.000
EX_HS176,0.000,0.000,-90.000
EX_HS185,0.000,0.000,-90.000
EX_HS187,0.000,0.000,-90.000
EX_HS196,0.000,0.000,-90.000
EX_N1,0.000,0.000,-90.000
EX_N10,0.000,0.000,-90.000
EX_N2,0.000,0.000,-90.000
EX_N3,0.000,0.000,-90.000
EX_N4,0.000,0.000,-90.000
EX_N5,0.000,0.000,-90.000
EX_N53,0.000,0.000,-90.000
EX_N6,0.000,0.000,-90.000
EX_N61,0.000,0.000,-90.000
EX_Y01,0.000,0.000,-90.000
EX_Y05,0.000,0.000,-90.000
EX_Y06,0.000,0.000,-90.000
EX_Y07,0.000,0.000,-90.000
EX_Y12,0.000,0.000,-90.000
EX_Y13,0.000,0.000,-90.000
EX_Y14,0.000,0.000,-90.000
EX_Y20,0.000,0.000,-90.000
EX_Y21,0.000,0.000,-90.000
EX_Y24,0.000,0.000,-90.000
HEI_1002,0.000,0.000,-90.000
HEI_1003,0.000,0.000,-90.000
HEI_1006,0.000,0.000,-90.000
HEI_1009,0.000,0.000,-90.000
HEI_1024,0.000,0.000,-90.000
HEI_1028,0.000,0.000,-90.000
HEI_1029,0.000,0.000,-90.000
HEI_1032,0.000,0.000,-90.000
HEI_1035,0.000,0.000,-90.000
HEI_1037,0.000,0.000,-90.000
HEI_1038,0.000,0.000,-90.000
HEI_1046,0.000,0.000,-90.000
HEI_1050,0.000,0.000,-90.000
HEI_1053,0.000,0.000,-90.000
HEI_1055,0.000,0.000,-90.000
HEI_1056,0.000,0.000,-90.000
HEI_1059,0.000,0.000,-90.000
HEI_1061,0.000,0.000,-90.000
HEI_1062,0.000,0.000,-90.000
HEI_1063,0.000,0.000,-90.000
HEI_107,0.000,0.000,-90.000
HEI_1070,0.000,0.000,-90.000
HEI_1073,0.000,0.000,-90.000
HEI_1074,0.000,0.000,-90.000
HEI_1075,0.000,0.000,-90.000
HEI_1081,0.000,0.000,-90.000
HEI_1092,0.000,0.000,-90.000
HEI_1107,0.000,0.000,-90.000
HEI_1110,0.000,0.000,-90.000
HEI_1118,0.000,0.000,-90.000
HEI_1128,0.000,0.000,-90.000
HEI_1137,0.000,0.000,-90.000
HEI_1154,0.000,0.000,-90.000
HEI_243,0.000,0.000,-90.000
HEI_603,0.000,0.000,-90.000
HEI_605,0.000,0.000,-90.000
HEI_606,0.000,0.000,-90.000
HEI_607,0.000,0.000,-90.000
HEI_613,0.000,0.000,-90.000
HEI_617,0.000,0.000,-90.000
HEI_622,0.000,0.000,-90.000
HEI_624,0.000,0.000,-90.000
HEI_628,0.000,0.000,-90.000
HEI_633,0.000,0.000,-90.000
HEI_637,0.000,0.000,-90.000
HEI_641,0.000,0.000,-90.000
HEI_645,0.000,0.000,-90.000
HEI_658,0.000,0.000,-90.000
HEI_679,0.000,0.000,-90.000
HEI_680,0.000,0.000,-90.000
HEI_681,0.000,0.000,-90.000
HEI_686,0.000,0.000,-90.000
HEI_691,0.000,0.000,-90.000
HEI_710,0.000,0.000,-90.000
HEI_729,0.000,0.000,-90.000
HEI_730,0.000,0.000,-90.000
HEI_736,0.000,0.000,-90.000
HEI_803,0.000,0.000,-90.000
HEI_804,0.000,0.000,-90.000
HEI_808,0.000,0.000,-90.000
HEI_809,0.000,0.000,-90.000
HEI_810,0.000,0.000,-90.000
HEI_817,0.000,0.000,-90.000
HEI_822,0.000,0.000,-90.000
HEI_824,0.000,0.000,-90.000
HEI_825,0.000,0.000,-90.000
HEI_834,0.000,0.000,-90.000
HEI_841,0.000,0.000,-90.000
HEI_902,0.000,0.000,-90.000
HEI_922,0.000,0.000,-90.000
HEI_923,0.000,0.000,-90.000
HEI_926,0.000,0.000,-90.000
HEI_935,0.000,0.000,-90.000
PR_1001,0.000,0.000,-90.000
PR_1002,0.000,0.000,-90.000
PR_1003,0.000,0.000,-90.000
PR_1004,0.000,0.000,-90.000
PR_1005,0.000,0.000,-90.000
PR_1006,0.000,0.000,-90.000
PR_1008,0.000,0.000,-90.000
PR_1009,0.000,0.000,-90.000
PR_1010,0.000,0.000,-90.000
PR_1011,0.000,0.000,-90.000
PR_1012,0.000,0.000,-90.000
PR_1013,0.000,0.000,-90.000
PR_1014,0.000,0.000,-90.000
PR_1016,0.000,0.000,-90.000
PR_1017,0.000,0.000,-90.000
PR_1018,0.000,0.000,-90.000
PR_1019,0.000,0.000,-90.000
PR_1020,0.000,0.000,-90.000
PR_1021,0.000,0.000,-90.000
PR_1022,0.000,0.000,-90.000
PR_1023,0.000,0.000,-90.000
PR_1024,0.000,0.000,-90.000
PR_1025,0.000,0.000,-90.000
PR_1026,0.000,0.000,-90.000
PR_1027,0.000,0.000,-90.000
PR_1029,0.000,0.000,-90.000
PR_1030,0.000,0.000,-90.000
PR_1031,0.000,0.000,-90.000
PR_1032,0.000,0.000,-90.000
PR_1034,0.000,0.000,-90.000
PR_1035,0.000,0.000,-90.000
PR_1036,0.000,0.000,-90.000
PR_1037,0.000,0.000,-90.000
PR_1038,0.000,0.000,-90.000
PR_1040,0.000,0.000,-90.000
PR_1041,0.000,0.000,-90.000
PR_1042,0.000,0.000,-90.000
PR_1043,0.000,0.000,-90.000
PR_1044,0.000,0.000,-90.000
PR_1045,0.000,0.000,-90.000
PR_1046,0.000,0.000,-90.000
PR_1047,0.000,0.000,-90.000
PR_1048,0.000,0.000,-90.000
PR_1049,0.000,0.000,-90.000
PR_1050,0.000,0.000,-90.000
PR_1051,0.000,0.000,-90.000
PR_1052,0.000,0.000,-90.000
PR_1053,0.000,0.000,-90.000
PR_1054,0.000,0.000,-90.000
PR_1055,0.000,0.000,-90.000
PR_1056,0.000,0.000,-90.000
PR_1057,0.000,0.000,-90.000
PR_1058,0.000,0.000,-90.000
PR_1107,0.000,0.000,-90.000
PR_1108,0.000,0.000,-90.000
PR_1109,0.000,0.000,-90.000
PR_1110,0.000,0.000,-90.000
PR_1111,0.000,0.000,-90.000
PR_1112,0.000,0.000,-90.000
PR_1113,0.000,0.000,-90.000
PR_1114,0.000,0.000,-90.000
PR_1115,0.000,0.000,-90.000
PR_1117,0.000,0.000,-90.000
PR_1118,0.000,0.000,-90.000
PR_1119,0.000,0.000,-90.000
PR_1121,0.000,0.000,-90.000
PR_1122,0.000,0.000,-90.000
PR_1123,0.000,0.000,-90.000
PR_1124,0.000,0.000,-90.000
PR_1125,0.000,0.000,-90.000
PR_1126,0.000,0.000,-90.000
PR_1127,0.000,0.000,-90.000
PR_1128,0.000,0.000,-90.000
PR_1129,0.000,0.000,-90.000
PR_1131,0.000,0.000,-90.000
PR_1132,0.000,0.000,-90.000
PR_1133,0.000,0.000,-90.000
PR_1134,0.000,0.000,-90.000
PR_1135,0.000,0.000,-90.000
PR_1136,0.000,0.000,-90.000
PR_1137,0.000,0.000,-90.000
PR_1138,0.000,0.000,-90.000
PR_1139,0.000,0.000,-90.000
PR_1140,0.000,0.000,-90.000
PR_1141,0.000,0.000,-90.000
PR_1142,0.000,0.000,-90.000
PR_1143,0.000,0.000,-90.000
PR_1144,0.000,0.000,-90.000
PR_1145,0.000,0.000,-90.000
PR_1146,0.000,0.000,-90.000
PR_1147,0.000,0.000,-90.000
PR_1148,0.000,0.000,-90.000
PR_1150,0.000,0.000,-90.000
PR_1151,0.000,0.000,-90.000
PR_1152,0.000,0.000,-90.000
PR_1153,0.000,0.000,-90.000
PR_1154,0.000,0.000,-90.000
PR_1155,0.000,0.000,-90.000
PR_1156,0.000,0.000,-90.000
PR_1157,0.000,0.000,-90.000
PR_1158,0.000,0.000,-90.000
PR_1159,0.000,0.000,-90.000
PR_1160,0.000,0.000,-90.000
PR_1161,0.000,0.000,-90.000
PR_1162,0.000,0.000,-90.000
PR_1163,0.000,0.000,-90.000
PR_1164,0.000,0.000,-90.000
PR_1165,0.000,0.000,-90.000
PR_1167,0.000,0.000,-90.000
PR_1168,0.000,0.000,-90.000
PR_1169,0.000,0.000,-90.000
PR_1170,0.000,0.000,-90.000
PR_1171,0.000,0.000,-90.000
PR_1172,0.000,0.000,-90.000
PR_1173,0.000,0.000,-90.000
PR_1174,0.000,0.000,-90.000
PR_1175,0.000,0.000,-90.000
PR_1176,0.000,0.000,-90.000
PR_1177,0.000,0.000,-90.000
PR_1178,0.000,0.000,-90.000
PR_1179,0.000,0.000,-90.000
PR_1180,0.000,0.000,-90.000
PR_1181,0.000,0.000,-90.000
PR_1201,0.000,0.000,-90.000
PR_1202,0.000,0.000,-90.000
PR_1203,0.000,0.000,-90.000
PR_1204,0.000,0.000,-90.000
PR_1205,0.000,0.000,-90.000
PR_1206,0.000,0.000,-90.000
PR_1207,0.000,0.000,-90.000
PR_1208,0.000,0.000,-90.000
PR_1210,0.000,0.000,-90.000
PR_1211,0.000,0.000,-90.000
PR_1212,0.000,0.000,-90.000
PR_1214,0.000,0.000,-90.000
PR_1215,0.000,0.000,-90.000
PR_1216,0.000,0.000,-90.000
PR_1217,0.000,0.000,-90.000
PR_1218,0.000,0.000,-90.000
PR_1219,0.000,0.000,-90.000
PR_1220,0.000,0.000,-90.000
PR_1221,0.000,0.000,-90.000
PR_1222,0.000,0.000,-90.000
PR_1223,0.000,0.000,-90.000
PR_1224,0.000,0.000,-90.000
PR_1226,0.000,0.000,-90.000
PR_1227,0.000,0.000,-90.000
PR_1228,0.000,0.000,-90.000
PR_1229,0.000,0.000,-90.000
PR_1230,0.000,0.000,-90.000
PR_1231,0.000,0.000,-90.000
PR_1232,0.000,0.000,-90.000
PR_1233,0.000,0.000,-90.000
PR_1234,0.000,0.000,-90.000
PR_1235,0.000,0.000,-90.000
PR_1236,0.000,0.000,-90.000
PR_1237,0.000,0.000,-90.000
PR_1238,0.000,0.000,-90.000
PR_1239,0.000,0.000,-90.000
PR_1240,0.000,0.000,-90.000
PR_1241,0.000,0.000,-90.000
PR_1242,0.000,0.000,-90.000
PR_1243,0.000,0.000,-90.000
PR_1244,0.000,0.000,-90.000
PR_1245,0.000,0.000,-90.000
PR_1246,0.000,0.000,-90.000
PR_1247,0.000,0.000,-90.000
PR_1248,0.000,0.000,-90.000
PR_1249,0.000,0.000,-90.000
PR_1250,0.000,0.000,-90.000
PR_1251,0.000,0.000,-90.000
PR_1252,0.000,0.000,-90.000
PR_1253,0.000,0.000,-90.000
PR_1254,0.000,0.000,-90.000
PR_1255,0.000,0.000,-90.000
PR_1256,0.000,0.000,-90.000
PR_1258,0.000,0.000,-90.000
PR_1259,0.000,0.000,-90.000
PR_1262,0.000,0.000,-90.000
PR_1263,0.000,0.000,-90.000
PR_1264,0.000,0.000,-90.000
PR_1265,0.000,0.000,-90.000
PR_1266,0.000,0.000,-90.000
PR_1267,0.000,0.000,-90.000
PR_1268,0.000,0.000,-90.000
PR_1269,0.000,0.000,-90.000
PR_1270,0.000,0.000,-90.000
PR_1271,0.000,0.000,-90.000
PR_1272,0.000,0.000,-90.000
PR_1273,0.000,0.000,-90.000
PR_1274,0.000,0.000,-90.000
PR_1275,0.000,0.000,-90.000
PR_1276,0.000,0.000,-90.000
PR_1277,0.000,0.000,-90.000
PR_1278,0.000,0.000,-90.000
PR_1279,0.000,0.000,-90.000
PR_1280,0.000,0.000,-90.000
PR_1281,0.000,0.000,-90.000
PR_1283,0.000,0.000,-90.000
PR_1284,0.000,0.000,-90.000
PR_1301,0.000,0.000,-90.000
PR_1302,0.000,0.000,-90.000
PR_1303,0.000,0.000,-90.000
PR_1304,0.000,0.000,-90.000
PR_1305,0.000,0.000,-90.000
PR_1306,0.000,0.000,-90.000
PR_1307,0.000,0.000,-90.000
PR_1308,0.000,0.000,-90.000
PR_1309,0.000,0.000,-90.000
PR_1310,0.000,0.000,-90.000
PR_13100,0.000,0.000,-90.000
PR_13101,0.000,0.000,-90.000
PR_13102,0.000,0.000,-90.000
PR_13103,0.000,0.000,-90.000
PR_13104,0.000,0.000,-90.000
PR_13105,0.000,0.000,-90.000
PR_13106,0.000,0.000,-90.000
PR_13107,0.000,0.000,-90.000
PR_13108,0.000,0.000,-90.000
PR_13109,0.000,0.000,-90.000
PR_1311,0.000,0.000,-90.000
PR_13110,0.000,0.000,-90.000
PR_13111,0.000,0.000,-90.000
PR_13112,0.000,0.000,-90.000
PR_13113,0.000,0.000,-90.000
PR_13114,0.000,0.000,-90.000
PR_13115,0.000,0.000,-90.000
PR_13116,0.000,0.000,-90.000
PR_13117,0.000,0.000,-90.000
PR_13118,0.000,0.000,-90.000
PR_13119,0.000,0.000,-90.000
PR_1312,0.000,0.000,-90.000
PR_13120,0.000,0.000,-90.000
PR_13121,0.000,0.000,-90.000
PR_13122,0.000,0.000,-90.000
PR_1313,0.000,0.000,-90.000
PR_1314,0.000,0.000,-90.000
PR_1315,0.000,0.000,-90.000
PR_1316,0.000,0.000,-90.000
PR_1317,0.000,0.000,-90.000
PR_1318,0.000,0.000,-90.000
PR_1319,0.000,0.000,-90.000
PR_1320,0.000,0.000,-90.000
PR_1321,0.000,0.000,-90.000
PR_1322,0.000,0.000,-90.000
PR_1324,0.000,0.000,-90.000
PR_1325,0.000,0.000,-90.000
PR_1326,0.000,0.000,-90.000
PR_1327,0.000,0.000,-90.000
PR_1328,0.000,0.000,-90.000
PR_1329,0.000,0.000,-90.000
PR_1330,0.000,0.000,-90.000
PR_1331,0.000,0.000,-90.000
PR_1332,0.000,0.000,-90.000
PR_1333,0.000,0.000,-90.000
PR_1334,0.000,0.000,-90.000
PR_1335,0.000,0.000,-90.000
PR_1336,0.000,0.000,-90.000
PR_1337,0.000,0.000,-90.000
PR_1338,0.000,0.000,-90.000
PR_1339,0.000,0.000,-90.000
PR_1340,0.000,0.000,-90.000
PR_1341,0.000,0.000,-90.000
PR_1342,0.000,0.000,-90.000
PR_1343,0.000,0.000,-90.000
PR_1344,0.000,0.000,-90.000
PR_1345,0.000,0.000,-90.000
PR_1346,0.000,0.000,-90.000
PR_1347,0.000,0.000,-90.000
PR_1348,0.000,0.000,-90.000
PR_1349,0.000,0.000,-90.000
PR_1350,0.000,0.000,-90.000
PR_1351,0.000,0.000,-90.000
PR_1352,0.000,0.000,-90.000
PR_1353,0.000,0.000,-90.000
PR_1354,0.000,0.000,-90.000
PR_1355,0.000,0.000,-90.000
PR_1356,0.000,0.000,-90.000
PR_1357,0.000,0.000,-90.000
PR_1358,0.000,0.000,-90.000
PR_1359,0.000,0.000,-90.000
PR_1360,0.000,0.000,-90.000
PR_1361,0.000,0.000,-90.000
PR_1362,0.000,0.000,-90.000
PR_1363,0.000,0.000,-90.000
PR_1364,0.000,0.000,-90.000
PR_1365,0.000,0.000,-90.000
PR_1366,0.000,0.000,-90.000
PR_1367,0.000,0.000,-90.000
PR_1368,0.000,0.000,-90.000
PR_1369,0.000,0.000,-90.000
PR_1370,0.000,0.000,-90.000
PR_1371,0.000,0.000,-90.000
PR_1372,0.000,0.000,-90.000
PR_1373,0.000,0.000,-90.000
PR_1374,0.000,0.000,-90.000
PR_1375,0.000,0.000,-90.000
PR_1376,0.000,0.000,-90.000
PR_1377,0.000,0.000,-90.000
PR_1378,0.000,0.000,-90.000
PR_1379,0.000,0.000,-90.000
PR_1382,0.000,0.000,-90.000
PR_1383,0.000,0.000,-90.000
PR_1384,0.000,0.000,-90.000
PR_1385,0.000,0.000,-90.000
PR_1386,0.000,0.000,-90.000
PR_1387,0.000,0.000,-90.000
PR_1388,0.000,0.000,-90.000
PR_1389,0.000,0.000,-90.000
PR_1390,0.000,0.000,-90.000
PR_1391,0.000,0.000,-90.000
PR_1392,0.000,0.000,-90.000
PR_1393,0.000,0.000,-90.000
PR_1394,0.000,0.000,-90.000
PR_1395,0.000,0.000,-90.000
PR_1396,0.000,0.000,-90.000
PR_1397,0.000,0.000,-90.000
PR_1398,0.000,0.000,-90.000
PR_1399,0.000,0.000,-90.000
PR_1407,0.000,0.000,-90.000
PR_1410,0.000,0.000,-90.000
PR_1411,0.000,0.000,-90.000
PR_1413,0.000,0.000,-90.000
PR_1414,0.000,0.000,-90.000
PR_1415,0.000,0.000,-90.000
PR_1416,0.000,0.000,-90.000
PR_1417,0.000,0.000,-90.000
PR_1418,0.000,0.000,-90.000
PR_1419,0.000,0.000,-90.000
PR_1420,0.000,0.000,-90.000
PR_1421,0.000,0.000,-90.000
PR_1422,0.000,0.000,-90.000
PR_1423,0.000,0.000,-90.000
PR_1424,0.000,0.000,-90.000
PR_1425,0.000,0.000,-90.000
PR_1426,0.000,0.000,-90.000
PR_1427,0.000,0.000,-90.000
PR_1428,0.000,0.000,-90.000
PR_1429,0.000,0.000,-90.000
PR_1430,0.000,0.000,-90.000
PR_1431,0.000,0.000,-90.000
PR_1432,0.000,0.000,-90.000
PR_1433,0.000,0.000,-90.000
PR_1434,0.000,0.000,-90.000
PR_1435,0.000,0.000,-90.000
PR_1436,0.000,0.000,-90.000
PR_1437,0.000,0.000,-90.000
PR_1438,0.000,0.000,-90.000
PR_1439,0.000,0.000,-90.000
PR_1440,0.000,0.000,-90.000
PR_1441,0.000,0.000,-90.000
PR_1442,0.000,0.000,-90.000
PR_1443,0.000,0.000,-90.000
PR_1444,0.000,0.000,-90.000
PR_1445,0.000,0.000,-90.000
PR_1446,0.000,0.000,-90.000
PR_1447,0.000,0.000,-90.000
PR_1448,0.000,0.000,-90.000
PR_1449,0.000,0.000,-90.000
PR_1450,0.000,0.000,-90.000
PR_1451,0.000,0.000,-90.000
PR_1452,0.000,0.000,-90.000
PR_1453,0.000,0.000,-90.000
PR_1454,0.000,0.000,-90.000
PR_1455,0.000,0.000,-90.000
PR_1456,0.000,0.000,-90.000
PR_1457,0.000,0.000,-90.000
PR_1458,0.000,0.000,-90.000
PR_1459,0.000,0.000,-90.000
PR_1460,0.000,0.000,-90.000
PR_1461,0.000,0.000,-90.000
PR_1462,0.000,0.000,-90.000
PR_1463,0.000,0.000,-90.000
PR_1464,0.000,0.000,-90.000
PR_1465,0.000,0.000,-90.000
PR_1466,0.000,0.000,-90.000
PR_1467,0.000,0.000,-90.000
PR_1468,0.000,0.000,-90.000
PR_1470,0.000,0.000,-90.000
PR_1471,0.000,0.000,-90.000
PR_1472,0.000,0.000,-90.000
PR_1473,0.000,0.000,-90.000
PR_1474,0.000,0.000,-90.000
PR_1475,0.000,0.000,-90.000
PR_1476,0.000,0.000,-90.000
PR_1477,0.000,0.000,-90.000
PR_1478,0.000,0.000,-90.000
PR_1479,0.000,0.000,-90.000
PR_1480,0.000,0.000,-90.000
PR_1481,0.000,0.000,-90.000
PR_1482,0.000,0.000,-90.000
PR_1483,0.000,0.000,-90.000
PR_1484,0.000,0.000,-90.000
PR_1485,0.000,0.000,-90.000
PR_1486,0.000,0.000,-90.000
PR_1487,0.000,0.000,-90.000
PR_1488,0.000,0.000,-90.000
PR_1489,0.000,0.000,-90.000
PR_1490,0.000,0.000,-90.000
PR_1491,0.000,0.000,-90.000
PR_1492,0.000,0.000,-90.000
PR_1493,0.000,0.000,-90.000
PR_1494,0.000,0.000,-90.000
PR_1495,0.000,0.000,-90.000
PR_1496,0.000,0.000,-90.000
PR_1497,0.000,0.000,-90.000
PR_1502,0.000,0.000,-90.000
PR_1503,0.000,0.000,-90.000
PR_1504,0.000,0.000,-90.000
PR_1505,0.000,0.000,-90.000
PR_1506,0.000,0.000,-90.000
PR_1507,0.000,0.000,-90.000
PR_1508,0.000,0.000,-90.000
PR_1509,0.000,0.000,-90.000
PR_1510,0.000,0.000,-90.000
PR_15100,0.000,0.000,-90.000
PR_15101,0.000,0.000,-90.000
PR_15102,0.000,0.000,-90.000
PR_15103,0.000,0.000,-90.000
PR_15104,0.000,0.000,-90.000
PR_15105,0.000,0.000,-90.000
PR_15106,0.000,0.000,-90.000
PR_15107,0.000,0.000,-90.000
PR_15108,0.000,0.000,-90.000
PR_15109,0.000,0.000,-90.000
PR_1511,0.000,0.000,-90.000
PR_15110,0.000,0.000,-90.000
PR_15111,0.000,0.000,-90.000
PR_1512,0.000,0.000,-90.000
PR_1513,0.000,0.000,-90.000
PR_1514,0.000,0.000,-90.000
PR_1515,0.000,0.000,-90.000
PR_1516,0.000,0.000,-90.000
PR_1517,0.000,0.000,-90.000
PR_1518,0.000,0.000,-90.000
PR_1519,0.000,0.000,-90.000
PR_1520,0.000,0.000,-90.000
PR_1521,0.000,0.000,-90.000
PR_1522,0.000,0.000,-90.000
PR_1523,0.000,0.000,-90.000
PR_1524,0.000,0.000,-90.000
PR_1525,0.000,0.000,-90.000
PR_1526,0.000,0.000,-90.000
PR_1527,0.000,0.000,-90.000
PR_1528,0.000,0.000,-90.000
PR_1529,0.000,0.000,-90.000
PR_1530,0.000,0.000,-90.000
PR_1531,0.000,0.000,-90.000
PR_1532,0.000,0.000,-90.000
PR_1533,0.000,0.000,-90.000
PR_1534,0.000,0.000,-90.000
PR_1535,0.000,0.000,-90.000
PR_1536,0.000,0.000,-90.000
PR_1537,0.000,0.000,-90.000
PR_1538,0.000,0.000,-90.000
PR_1539,0.000,0.000,-90.000
PR_1540,0.000,0.000,-90.000
PR_1541,0.000,0.000,-90.000
PR_1542,0.000,0.000,-90.000
PR_1543,0.000,0.000,-90.000
PR_1544,0.000,0.000,-90.000
PR_1545,0.000,0.000,-90.000
PR_1546,0.000,0.000,-90.000
PR_1547,0.000,0.000,-90.000
PR_1548,0.000,0.000,-90.000
PR_1549,0.000,0.000,-90.000
PR_1550,0.000,0.000,-90.000
PR_1551,0.000,0.000,-90.000
PR_1552,0.000,0.000,-90.000
PR_1553,0.000,0.000,-90.000
PR_1554,0.000,0.000,-90.000
PR_1555,0.000,0.000,-90.000
PR_1556,0.000,0.000,-90.000
PR_1557,0.000,0.000,-90.000
PR_1558,0.000,0.000,-90.000
PR_1559,0.000,0.000,-90.000
PR_1560,0.000,0.000,-90.000
PR_1561,0.000,0.000,-90.000
PR_1562,0.000,0.000,-90.000
PR_1563,0.000,0.000,-90.000
PR_1564,0.000,0.000,-90.000
PR_1565,0.000,0.000,-90.000
PR_1566,0.000,0.000,-90.000
PR_1567,0.000,0.000,-90.000
PR_1568,0.000,0.000,-90.000
PR_1569,0.000,0.000,-90.000
PR_1570,0.000,0.000,-90.000
PR_1571,0.000,0.000,-90.000
PR_1572,0.000,0.000,-90.000
PR_1573,0.000,0.000,-90.000
PR_1574,0.000,0.000,-90.000
PR_1575,0.000,0.000,-90.000
PR_1576,0.000,0.000,-90.000
PR_1577,0.000,0.000,-90.000
PR_1578,0.000,0.000,-90.000
PR_1579,0.000,0.000,-90.000
PR_1580,0.000,0.000,-90.000
PR_1581,0.000,0.000,-90.000
PR_1582,0.000,0.000,-90.000
PR_1583,0.000,0.000,-90.000
PR_1584,0.000,0.000,-90.000
PR_1585,0.000,0.000,-90.000
PR_1586,0.000,0.000,-90.000
PR_1587,0.000,0.000,-90.000
PR_1588,0.000,0.000,-90.000
PR_1589,0.000,0.000,-90.000
PR_1590,0.000,0.000,-90.000
PR_1591,0.000,0.000,-90.000
PR_1592,0.000,0.000,-90.000
PR_1593,0.000,0.000,-90.000
PR_1594,0.000,0.000,-90.000
PR_1595,0.000,0.000,-90.000
PR_1596,0.000,0.000,-90.000
PR_1597,0.000,0.000,-90.000
PR_1598,0.000,0.000,-90.000
PR_1599,0.000,0.000,-90.000
PR_1603,0.000,0.000,-90.000
PR_1604,0.000,0.000,-90.000
PR_1606,0.000,0.000,-90.000
PR_1607,0.000,0.000,-90.000
PR_1608,0.000,0.000,-90.000
PR_1609,0.000,0.000,-90.000
PR_1610,0.000,0.000,-90.000
PR_1611,0.000,0.000,-90.000
PR_1612,0.000,0.000,-90.000
PR_1613,0.000,0.000,-90.000
PR_1614,0.000,0.000,-90.000
PR_1615,0.000,0.000,-90.000
PR_1616,0.000,0.000,-90.000
PR_1617,0.000,0.000,-90.000
PR_1618,0.000,0.000,-90.000
PR_1619,0.000,0.000,-90.000
PR_1620,0.000,0.000,-90.000
PR_1621,0.000,0.000,-90.000
PR_1622,0.000,0.000,-90.000
PR_1623,0.000,0.000,-90.000
PR_1624,0.000,0.000,-90.000
PR_1625,0.000,0.000,-90.000
PR_1626,0.000,0.000,-90.000
PR_1627,0.000,0.000,-90.000
PR_1628,0.000,0.000,-90.000
PR_1629,0.000,0.000,-90.000
PR_1630,0.000,0.000,-90.000
PR_1631,0.000,0.000,-90.000
PR_1632,0.000,0.000,-90.000
PR_1633,0.000,0.000,-90.000
PR_1634,0.000,0.000,-90.000
PR_1635,0.000,0.000,-90.000
PR_1636,0.000,0.000,-90.000
PR_1637,0.000,0.000,-90.000
PR_1638,0.000,0.000,-90.000
PR_1639,0.000,0.000,-90.000
PR_1640,0.000,0.000,-90.000
PR_1641,0.000,0.000,-90.000
PR_1642,0.000,0.000,-90.000
PR_1643,0.000,0.000,-90.000
PR_1644,0.000,0.000,-90.000
PR_1645,0.000,0.000,-90.000
PR_1646,0.000,0.000,-90.000
PR_1647,0.000,0.000,-90.000
PR_1648,0.000,0.000,-90.000
PR_1649,0.000,0.000,-90.000
PR_1650,0.000,0.000,-90.000
PR_1651,0.000,0.000,-90.000
PR_1652,0.000,0.000,-90.000
PR_1653,0.000,0.000,-90.000
PR_1654,0.000,0.000,-90.000
PR_1655,0.000,0.000,-90.000
PR_1656,0.000,0.000,-90.000
PR_1657,0.000,0.000,-90.000
PR_1658,0.000,0.000,-90.000
PR_1659,0.000,0.000,-90.000
PR_1660,0.000,0.000,-90.000
PR_1661,0.000,0.000,-90.000
PR_1662,0.000,0.000,-90.000
PR_1663,0.000,0.000,-90.000
PR_1664,0.000,0.000,-90.000
PR_8100,0.000,0.000,-90.000
PR_8101,0.000,0.000,-90.000
PR_8102,0.000,0.000,-90.000
PR_8103,0.000,0.000,-90.000
PR_8104,0.000,0.000,-90.000
PR_8105,0.000,0.000,-90.000
PR_8106,0.000,0.000,-90.000
PR_8107,0.000,0.000,-90.000
PR_8108,0.000,0.000,-90.000
PR_8109,0.000,0.000,-90.000
PR_8110,0.000,0.000,-90.000
PR_8111,0.000,0.000,-90.000
PR_860,0.000,0.000,-90.000
PR_861,0.000,0.000,-90.000
PR_862,0.000,0.000,-90.000
PR_863,0.000,0.000,-90.000
PR_864,0.000,0.000,-90.000
PR_865,0.000,0.000,-90.000
PR_866,0.000,0.000,-90.000
PR_867,0.000,0.000,-90.000
PR_868,0.000,0.000,-90.000
PR_869,0.000,0.000,-90.000
PR_870,0.000,0.000,-90.000
PR_871,0.000,0.000,-90.000
PR_872,0.000,0.000,-90.000
PR_873,0.000,0.000,-90.000
PR_874,0.000,0.000,-90.000
PR_875,0.000,0.000,-90.000
PR_877,0.000,0.000,-90.000
PR_878,0.000,0.000,-90.000
PR_879,0.000,0.000,-90.000
PR_880,0.000,0.000,-90.000
PR_881,0.000,0.000,-90.000
PR_882,0.000,0.000,-90.000
PR_883,0.000,0.000,-90.000
PR_884,0.000,0.000,-90.000
PR_885,0.000,0.000,-90.000
PR_886,0.000,0.000,-90.000
PR_887,0.000,0.000,-90.000
PR_888,0.000,0.000,-90.000
PR_889,0.000,0.000,-90.000
PR_890,0.000,0.000,-90.000
PR_891,0.000,0.000,-90.000
PR_892,0.000,0.000,-90.000
PR_893,0.000,0.000,-90.000
PR_894,0.000,0.000,-90.000
PR_896,0.000,0.000,-90.000
PR_897,0.000,0.000,-90.000
PR_898,0.000,0.000,-90.000
PR_899,0.000,0.000,-90.000
PR_901,0.000,0.000,-90.000
PR_902,0.000,0.000,-90.000
PR_903,0.000,0.000,-90.000
PR_904,0.000,0.000,-90.000
PR_905,0.000,0.000,-90.000
PR_906,0.000,0.000,-90.000
PR_908,0.000,0.000,-90.000
PR_9100,0.000,0.000,-90.000
PR_9101,0.000,0.000,-90.000
PR_9102,0.000,0.000,-90.000
PR_9103,0.000,0.000,-90.000
PR_9104,0.000,0.000,-90.000
PR_9105,0.000,0.000,-90.000
PR_9106,0.000,0.000,-90.000
PR_9107,0.000,0.000,-90.000
PR_9108,0.000,0.000,-90.000
PR_9109,0.000,0.000,-90.000
PR_911,0.000,0.000,-90.000
PR_9110,0.000,0.000,-90.000
PR_9112,0.000,0.000,-90.000
PR_9113,0.000,0.000,-90.000
PR_9114,0.000,0.000,-90.000
PR_912,0.000,0.000,-90.000
PR_914,0.000,0.000,-90.000
PR_915,0.000,0.000,-90.000
PR_916,0.000,0.000,-90.000
PR_917,0.000,0.000,-90.000
PR_918,0.000,0.000,-90.000
PR_919,0.000,0.000,-90.000
PR_921,0.000,0.000,-90.000
PR_922,0.000,0.000,-90.000
PR_924,0.000,0.000,-90.000
PR_925,0.000,0.000,-90.000
PR_927,0.000,0.000,-90.000
PR_928,0.000,0.000,-90.000
PR_929,0.000,0.000,-90.000
PR_931,0.000,0.000,-90.000
PR_932,0.000,0.000,-90.000
PR_933,0.000,0.000,-90.000
PR_934,0.000,0.000,-90.000
PR_935,0.000,0.000,-90.000
PR_936,0.000,0.000,-90.000
PR_938,0.000,0.000,-90.000
PR_939,0.000,0.000,-90.000
PR_941,0.000,0.000,-90.000
PR_942,0.000,0.000,-90.000
PR_943,0.000,0.000,-90.000
PR_944,0.000,0.000,-90.000
PR_945,0.000,0.000,-90.000
PR_946,0.000,0.000,-90.000
PR_948,0.000,0.000,-90.000
PR_949,0.000,0.000,-90.000
PR_950,0.000,0.000,-90.000
PR_951,0.000,0.000,-90.000
PR_953,0.000,0.000,-90.000
PR_954,0.000,0.000,-90.000
PR_955,0.000,0.000,-90.000
PR_956,0.000,0.000,-90.000
PR_957,0.000,0.000,-90.000
PR_958,0.000,0.000,-90.000
PR_959,0.000,0.000,-90.000
PR_960,0.000,0.000,-90.000
PR_961,0.000,0.000,-90.000
PR_962,0.000,0.000,-90.000
PR_963,0.000,0.000,-90.000
PR_964,0.000,0.000,-90.000
PR_965,0.000,0.000,-90.000
PR_966,0.000,0.000,-90.000
PR_967,0.000,0.000,-90.000
PR_968,0.000,0.000,-90.000
PR_969,0.000,0.000,-90.000
PR_970,0.000,0.000,-90.000
PR_971,0.000,0.000,-90.000
PR_972,0.000,0.000,-90.000
PR_973,0.000,0.000,-90.000
PR_974,0.000,0.000,-90.000
PR_975,0.000,0.000,-90.000
PR_976,0.000,0.000,-90.000
PR_977,0.000,0.000,-90.000
PR_978,0.000,0.000,-90.000
PR_979,0.000,0.000,-90.000
PR_980,0.000,0.000,-90.000
PR_981,0.000,0.000,-90.000
PR_982,0.000,0.000,-90.000
PR_983,0.000,0.000,-90.000
PR_984,0.000,0.000,-90.000
PR_985,0.000,0.000,-90.000
PR_986,0.000,0.000,-90.000
PR_987,0.000,0.000,-90.000
PR_988,0.000,0.000,-90.000
PR_989,0.000,0.000,-90.000
PR_990,0.000,0.000,-90.000
PR_991,0.000,0.000,-90.000
PR_992,0.000,0.000,-90.000
PR_993,0.000,0.000,-90.000
PR_994,0.000,0.000,-90.000
PR_995,0.000,0.000,-90.000
PR_996,0.000,0.000,-90.000
PR_997,0.000,0.000,-90.000
PR_998,0.000,0.000,-90.000
PR_999,0.000,0.000,-90.000
ZK1,0.000,167.230,-89.780
ZK1,50.000,339.670,-88.900
ZK1,100.000,353.610,-87.500
ZK1,120.000,3.010,-87.630
ZK12,0.000,343.390,-89.350
ZK12,50.000,320.640,-88.360
ZK12,79.000,306.690,-87.100
ZK13,0.000,43.690,-89.750
ZK13,50.000,296.440,-87.990
ZK13,100.000,288.510,-87.200
ZK13,126.000,293.890,-87.110
ZK13-1,0.000,13.870,-89.020
ZK13-1,50.000,270.900,-89.000
ZK13-1,100.000,310.070,-87.210
ZK13-1,114.000,311.320,-87.180
ZK13-2,0.000,21.380,-89.100
ZK13-2,50.000,4.830,-88.060
ZK13-2,83.000,1.690,-87.180
ZK14,0.000,216.760,-89.350
ZK14,50.000,295.220,-88.910
ZK14,100.000,324.200,-87.730
ZK14,109.000,320.600,-87.820
ZK15,0.000,20.910,-89.470
ZK15,50.000,15.140,-87.710
ZK15,100.000,352.260,-87.120
ZK15,108.000,1.680,-87.280
ZK16,0.000,173.250,-89.350
ZK16,50.000,111.390,-88.850
ZK16,100.000,353.420,-88.990
ZK16,147.300,337.310,-87.110
ZK18,0.000,103.260,-89.550
ZK18,50.000,174.790,-88.180
ZK18,100.000,175.860,-87.080
ZK18,112.000,175.170,-87.050
ZK18-1,0.000,38.600,-89.440
ZK18-1,50.000,280.200,-89.010
ZK18-1,100.000,324.240,-87.890
ZK18-1,106.000,321.600,-87.870
ZK19,0.000,122.300,-89.470
ZK19,50.000,344.970,-88.520
ZK19,100.000,312.390,-88.070
ZK19,115.000,292.750,-88.910
ZK19-1,0.000,308.980,-89.440
ZK19-1,50.000,311.220,-87.600
ZK19-1,85.000,309.120,-88.040
ZK19-3,0.000,35.010,-89.400
ZK19-3,50.000,261.860,-88.460
ZK19-3,96.900,274.520,-88.680
ZK2,10.000,30.300,-89.150
ZK2,20.000,351.800,-89.050
ZK2,30.000,318.900,-88.970
ZK2,40.000,308.500,-88.750
ZK2,50.000,291.300,-88.830
ZK2,60.000,273.100,-88.670
ZK2,70.000,274.700,-88.720
ZK2,80.000,299.900,-88.690
ZK2,83.000,296.500,-88.800
ZK20,0.000,97.630,-89.420
ZK20,50.000,93.350,-89.660
ZK20,100.000,76.080,-89.340
ZK20,128.000,81.010,-89.140
ZK21,0.000,284.050,-89.850
ZK21,50.000,273.080,-88.690
ZK21,98.000,293.330,-87.090
ZK22,0.000,235.090,-89.200
ZK22,50.000,279.930,-88.420
ZK22,80.000,291.000,-87.600
ZK22,100.000,307.270,-87.280
ZK22,110.000,309.090,-87.320
ZK23,0.000,58.400,-89.530
ZK23,50.000,266.890,-88.600
ZK23,100.000,278.370,-87.180
ZK23,129.000,282.060,-87.440
ZK24,0.000,335.950,-89.370
ZK24,50.000,24.530,-88.640
ZK24,100.000,296.690,-88.090
ZK24,120.000,303.210,-88.140
ZK25,0.000,32.730,-89.300
ZK25,50.000,185.570,-89.640
ZK25,100.000,118.260,-89.800
ZK25,111.800,21.880,-89.780
ZK26,0.000,2.010,-88.970
ZK26,50.000,350.230,-87.900
ZK26,87.500,347.260,-87.850
ZK27,0.000,25.730,-89.360
ZK27,50.000,231.760,-89.240
ZK27,100.000,40.610,-88.340
ZK27,150.000,18.580,-88.280
ZK27,151.000,16.710,-88.260
ZK27-1,0.000,234.120,-89.570
ZK27-1,50.000,249.740,-87.800
ZK27-1,100.000,287.370,-87.870
ZK27-1,136.000,278.150,-89.060
ZK3,10.000,215.290,-89.600
ZK3,50.000,255.030,-88.900
ZK3,100.000,263.330,-88.330
ZK3,128.000,269.900,-87.230
ZK4,0.000,191.290,-89.440
ZK4,50.000,103.160,-88.700
ZK4,100.000,166.670,-89.570
ZK4,127.300,42.820,-89.410
ZK5,0.000,46.640,-89.670
ZK5,50.000,27.400,-88.970
ZK5,85.200,1.010,-87.810
ZK6,0.000,26.910,-89.300
ZK6,50.000,290.870,-88.650
ZK6,100.000,309.200,-87.320
ZK6,119.000,312.720,-87.040
ZK7,0.000,31.070,-89.650
ZK7,50.000,97.310,-88.240
ZK7,100.000,146.010,-88.790
ZK7,110.000,99.000,-88.000
ZK7,124.000,89.810,-87.240
ZK8,0.000,314.630,-89.300
ZK8,50.000,4.700,-88.600
ZK8,100.000,213.750,-87.010
ZK8,133.000,210.620,-87.590
ZK9,0.000,15.440,-89.190
ZK9,50.000,340.680,-88.090
ZK9,100.000,8.040,-87.410
ZK9,108.000,9.380,-87.270
